id,statement,label,speaker,party_affiliation,subject,context,pants_on_fire_counts,false_counts,barely_true_counts,half_true_counts,mostly_true_counts,label_id
9670.json,Russia has an economy the size of Italy.,mostly-true,lindsey-graham,republican,"economy,foreign-policy","comments on CNN's ""State of the Union""",0,2,2,4,2,4
2553.json,Says James Langevin voted to spend $3 billion for a jet engine no one wants.,barely-true,mark-zaccaria,republican,"economy,federal-budget,government-efficiency,military,voting-record",a news release,0,2,2,0,0,2
1165.json,Scientists project that the Arctic will be ice-free in the summer of 2013.,barely-true,john-kerry,democrat,"climate-change,environment",an op-ed published in the Huffington Post,0,2,3,2,5,2
8905.json,On the Cuba embargo,false,charlie-crist,democrat,foreign-policy,"an interview on HBO's ""Real Time""",2,9,15,20,19,1
13450.json,"Beyonce and Jay Z, I like them, I like them ... I get bigger crowds than they do. Its true. I get far bigger crowds.",false,donald-trump,republican,"elections,pop-culture","a speech in Raleigh, N.C.",61,114,63,51,37,1
3584.json,Foreign aid makes up about 1 percent of our entire budget.,true,barack-obama,democrat,"federal-budget,foreign-policy",a speech.,9,71,70,160,163,5
7547.json,"In the last two years, we have reduced the deficit by $2.5 trillion.",false,harry-reid,democrat,"deficit,federal-budget",a Senate floor speech,3,5,4,3,7,1
3844.json,"Says for the first time ever, Texas lawmakers are not funding student population growth.",mostly-true,wendy-davis,democrat,"education,state-budget,state-finances",a filibuster.,1,1,5,8,12,4
7523.json,Says the federal government is supporting a study in Hawaii to develop a menu for when we colonize Mars.,mostly-true,rand-paul,republican,"federal-budget,science,space",a speech at the CPAC conference,3,8,7,10,12,4
7215.json,Says George Washington said a free people should be armed to guard against government tyranny.,false,louie-gohmert,republican,"government-regulation,guns",an interview on ‘Fox News Sunday’,1,6,2,1,0,1
6574.json,Says most Texas schools spend 45 out of 180 school days in mandated testing.,false,ted-lyon,democrat,"education,state-budget",an opinion column in the Austin American-Statesman,0,1,0,0,0,1
10818.json,Republicans have already cut our neighborhood public schools three budgets in a row.,barely-true,katrina-shankland,democrat,education,a news release,0,1,2,0,0,2
4680.json,"For each $1 billion in infrastructure investment, 42,000 jobs are created.",half-true,steve-latourette,republican,"economy,infrastructure,jobs",a statement on his congressional website,0,0,0,3,1,3
5885.json,Says George Flinn has been a no show at scheduled forums.,false,charlotte-bergmann,republican,campaign-advertising,in a press release calling for debates.,1,2,0,0,0,1
9827.json,Says Iowa Gov. Terry Branstad chartered a plane to remove 124 young illegal immigrants from his state and take them back to Honduras.,pants-fire,chain-email,none,immigration,a chain email,105,43,11,8,5,0
9313.json,"During the George W. Bush period, there were 13 attacks on various embassies and consulates around the world. Sixty people died.",mostly-true,john-garamendi,democrat,"foreign-policy,history,terrorism","an interview on MSNBC's ""The Ed Show""",0,0,1,0,1,4
3761.json,"In the first year of the Obama administration, more jobs were created in the private sector than in the eight years of the Bush administration.",false,nancy-pelosi,democrat,"economy,history",an interview with Bloomberg television,3,7,3,11,2,1
11873.json,Ted Cruz defended a Chinese company that stole an invention from an American inventor.,mostly-true,marco-rubio,republican,"china,corporations,legal-issues","an interview in Bow, N.H.",5,24,33,32,35,4
278.json,"""I supported (the surge), I argued for it. I'm the only one on this stage that did.""",false,john-mccain,republican,iraq,"a debate in Myrtle Beach, S.C.",8,39,31,31,37,1
8465.json,Test scores had gone up steadily for 40 years until No Child Left Behind and Race to the Top.,barely-true,diane-ravitch,newsmaker,"bush-administration,education",a speech,0,0,1,0,0,2
163.json,"""She hasn't run a corner store. She hasn't run a state. She hasn't run a city. She has never run anything.""",barely-true,mitt-romney,republican,job-accomplishments,a TV ad airing in New Hampshire.,19,32,34,58,33,2
12619.json,"Says Ron Johnson justifies his support of trade agreements by saying the U.S. has the Trade Adjustment Assistance program for displaced workers, but then he voted to eliminate it.",barely-true,russ-feingold,democrat,trade,a news conference,1,4,2,7,5,2
935.json,The stimulus has $30 million in there to protect mice in San Francisco.,false,mike-pence,republican,"federal-budget,stimulus",a statement on Fox News Channel.,0,10,8,12,5,1
5434.json,President Obama once said he wants everybody in America to go to college.,false,rick-santorum,republican,education,"a speech in Troy, Mich.",5,16,12,13,7,1
10270.json,Were borrowing 20% of (the federal) budget.,half-true,glenn-grothman,republican,federal-budget,an interview,0,4,2,1,1,3
13322.json,"Says Ted Strickland in this campaign bragged about his A-plus rating with the NRA. ... He has said he has a mixed and spotty record on this issue and that he can be criticized for it. Those are his words, not mine. So I dont know where he is on this issue.",true,rob-portman,republican,guns,the Ohio Senate debate,1,5,3,11,11,5
3507.json,"Originally, Democrats promised that if you liked your health care plan, you could keep it. One year later we know that you need a waiver to keep your plan.",barely-true,morgan-griffith,republican,health-care,a newsletter.,0,2,3,1,0,2
12722.json,"What difference, at this point, does it make? I am the guy that got under her skin and provoked that infamous response from Hillary Clinton by asking a pretty simple question, Why didnt you just pick up the phone and call the survivors (of the Benghazi attack)?",mostly-true,ron-johnson,republican,"candidates-biography,foreign-policy",the GOP convention in Cleveland,1,6,14,10,10,4
4140.json,Says President Barack Obamas own economists say the stimulus cost $278K per job created.,false,david-dewhurst,republican,"economy,jobs,stimulus",a Twitter message.,5,8,8,10,5,1
9520.json,Republican candidate for governor Ken Block was fined and had to admit that (he) funneled money illegally to the Moderate Party.,true,allan-fung,republican,"campaign-finance,candidates-biography,history",a debate,1,2,2,0,2,5
2234.json,Obamas approval numbers are in the low 40s.,mostly-true,matthew-dowd,independent,"pundits,abc-news-week","a roundtable discussion on ABC's ""This Week with Christiane Amanpour''",0,0,0,2,4,4
9252.json,"40 percent of illegal immigrants had a visa and then became illegal, mostly because they changed jobs.",half-true,rand-paul,republican,"agriculture,homeland-security,immigration,jobs,population",a news conference,3,8,7,10,12,3
7809.json,"Says Hillary Clinton was asked repeatedly to provide security in Benghazi on several occasions, including direct cables.",barely-true,rand-paul,republican,"foreign-policy,terrorism", an appearance on CNN’s ‘State of the Union’,3,8,7,10,12,2
7956.json,Recent record-low water levels in Lake Michigan are evidence that global warming is leading to the evaporation of our Great Lakes.,half-true,richard-durbin,democrat,"climate-change,environment,water",a Senate floor speech,1,2,0,1,0,3
7462.json,Virginia is the only state that has a tradition of attorneys general resigning if they run for governor.,true,ken-cuccinelli,republican,states,a radio interview.,1,10,1,3,2,5
2448.json,"Under Gov. Kitzhaber, unemployment rose 65 percent, state spending went up 57 percent and personal incomes declined compared to the rest of the country.",half-true,chris-dudley,republican,economy,a speech in Albany,1,0,0,1,1,3
6381.json,"Mitt Romney is proposing a tax plan that would give millionaires another tax break and raises taxes on middle class families by up to $2,000 a year.",mostly-true,barack-obama,democrat,"message-machine-2012,taxes",a TV ad,9,71,70,160,163,4
8884.json,Says Bill OReilly spoke 40 percent of the words in an interview with President Barack Obama.,mostly-true,dana-milbank,none,pundits,"a broadcast of MSNBC's ""Politics Nation""",0,0,2,0,1,4
4174.json,"Says unemployment in Trenton is twice as much as what we see in every other area of the state and, as a result, we have seen an increase in crime.",barely-true,shirley-turner,democrat,"crime,jobs",a speech on the Senate floor,0,0,1,0,0,2
7414.json,Nobody in total is proposing cutting anything. Were trying to reduce the rate of growth in government.,mostly-true,ron-johnson,republican,"deficit,federal-budget,medicaid,medicare",a radio interview,1,6,14,10,10,4
3244.json,Says Wisconsin Gov. Scott Walker has threatened to call out the National Guard if workers protest against changes to bargaining laws.,pants-fire,progressive-change-campaign-committee,none,"labor,state-budget",an email blast to supporters,1,1,0,1,1,0
8235.json,Rep. Frank Wolf voted to allow terror suspects to buy guns.,half-true,mayors-against-illegal-guns,organization,"guns,terrorism",a web ad.,0,0,0,3,0,3
5515.json,"Says traffic fatalities have fallen dramatically, even as population has risen. You are more likely to stay alive biking, walking and driving around Portland than you were before he took over the Portland Bureau of Transportation.",half-true,sam-adams,democrat,transportation,a commentary article.,0,2,3,5,2,3
5869.json,Each U.S. House member who voted to overhaul Social Security in 1983 was re-elected.,half-true,saxby-chambliss,republican,"bipartisanship,social-security",a speech,1,1,1,3,4,3
306.json,"""I was fighting against those (Republican) ideas when you were practicing law and representing your contributor, Rezko, in his slum landlord business in inner city Chicago.""",barely-true,hillary-clinton,democrat,candidates-biography,"a debate in Myrtle Beach, S.C.",7,29,40,69,76,2
1074.json,"""In Wisconsin, the stimulus paid for a bridge to a bar called Rusty's Backwater Saloon. They've got great burgers, but no new jobs.""",barely-true,john-boehner,republican,"economy,stimulus",a Web ad,2,22,13,11,4,2
9068.json,"After Russia went to war with Georgia in 2008, the U.S. sent a very strong message to Vladimir Putin by sending warships to the Black Sea and airlifting combat troops that Georgia had in Afghanistan back to Georgia.",barely-true,karl-rove,republican,"foreign-policy,history,military","an interview on ""Fox News Sunday""",0,5,2,2,8,2
9526.json,I had the lowest net worth of any American president in the 20th century when I took office.,half-true,bill-clinton,democrat,"history,wealth","comments on NBC's ""Meet the Press""",3,2,4,12,11,3
6690.json,David Cicilline was required to provide key information about city finances to an independent outside auditor. The deadlines were clear -- yet [he intentionally] missed them by months until after the November 2010 election.,barely-true,brendan-doherty,republican,"candidates-biography,city-budget,city-government,debt,deficit,campaign-advertising",a news release,0,2,1,1,1,2
12305.json,Says LeBron James stops paying his Social Security taxes at the beginning of the second quarter of the first game of the season.,mostly-true,alan-grayson,democrat,"social-security,taxes",an Orlando debate,1,5,6,4,11,4
12977.json,Says Hillary Clinton is the one that labeled African-American youth as superpredators.,mostly-true,reince-priebus,republican,crime,an interview during NBC's Meet the Press,1,12,2,8,3,4
5906.json,"The expiration of the Bush-era tax cuts ... would be the biggest tax increase in the history of the country, about $4.6 trillion over 10 years.",barely-true,charles-bass,republican,taxes,an interview with the editorial board of the 'Telegraph.',0,2,3,0,0,2
12910.json,"Says there were multiple instances of voter fraud in Wood County, Ohio.",pants-fire,viral-image,none,elections,viral image circulating on the internet,15,5,5,0,3,0
4604.json,"The IRS is already planning on 19,500 new employees to administer Obamas health care mandate.",pants-fire,jon-huntsman,republican,"health-care,new-hampshire-2012","a Republican presidential debate in Hanover, N.H.",1,1,5,5,4,0
11526.json,Most Americans are ready to put it [marijuana prohibition] behind us and move on.,true,mason-tvert,none,"drugs,marijuana",a news release,0,0,0,0,0,5
13196.json,"Gov. Pence said, inarguably, Vladimir Putin is a better leader than President Obama.",mostly-true,tim-kaine,democrat,foreign-policy,"the vice presidential debate in Farmville, Va.",0,3,8,15,15,4
2734.json,"Sen. Harry Reid voted against declaring English our national language, twice.",true,sharron-angle,republican,"immigration,message-machine",a TV ad,0,1,3,1,0,5
7675.json,Congress has spent 66 of the first 100 days of this term in recess.,mostly-true,john-barrow,democrat,congress,a letter,0,0,0,1,1,4
190.json,"Edwards says if Congress won't pass universal health care, he'll tell Congress: ""I'm going to use my power as president to take your health care away from you.""",pants-fire,john-edwards,democrat,health-care,a TV ad,1,2,0,4,4,0
2645.json,"There currently are 825,000 student stations sitting empty across Florida in every district and at every grade level.",mostly-true,yes-8,none,"children,education,florida-amendments",a website,0,0,0,0,1,4
11064.json,Limberbutt McCubbins (a five-year-old cat) is a candidate in the 2016 presidential election.,half-true,limberbutt-mccubbins,democrat,"animals,corrections-and-updates,elections",comments on his website.,0,0,0,1,0,3
6251.json,Says she stood up to Gov. Scott Walker on tax cuts for wealthy corporations while her congressional opponent voted with Walker.,half-true,kelda-helen-roys,democrat,"economy,jobs,state-budget,taxes",news conference remarks,0,1,0,1,0,3
9640.json,"Under Gov. Tom Corbett, Pennsylvania ranks 49th in job creation.",mostly-true,fresh-start-pa,democrat,"economy,jobs,states",a campaign ad,0,0,0,0,1,4
5776.json,"Says Cape May, Cumberland, Salem and part of Atlantic counties are all south of the Mason-Dixon line.",false,raymond-bateman,republican,history,an opinion piece on DailyRecord.com,0,1,0,0,0,1
12786.json,"We moved 100 times as many people out of poverty as moved out when President (Ronald) Reagan was in office, with 40 percentmore jobs.",half-true,bill-clinton,democrat,"jobs,poverty",a video at the DNC,3,2,4,12,11,3
5931.json,"Says that President Obama promised that with the stimulus plan, unemployment would never go above 8 percent. He even said it would be 6 percent by now.",barely-true,bob-latta,republican,"economy,jobs",an email statement,0,0,1,0,0,2
1671.json,"""Every citizen is entitled to the freedom of speech, but no one should have the right to use government funds or institutions to portray acts that are morally reprehensible to the vast majority of Americans.""",barely-true,david-dewhurst,republican,gays-and-lesbians,a press release,5,8,8,10,5,2
658.json,"""Barack Obama and Joe Biden oppose new drilling at home and oppose nuclear power.""",barely-true,republican-national-committee-republican,republican,energy,a statement on the RNC Web site,2,6,6,11,5,2
2159.json,Jeff Greene can buy anything ... he owns two mansions.,true,kendrick-meek,democrat,"candidates-biography,elections,message-machine",a TV ad.,1,6,2,1,4,5
8102.json,Our recent state budgets have far exceeded population and inflation growth.,barely-true,tom-pauken,republican,"population,state-budget,state-finances",an oped column.,0,0,1,0,0,2
6074.json,Marcy Kaptur voted against a ban which would have prevented the aborting of a baby girl for the sole reason that shes a girl.,mostly-true,samuel-wurzelbacher,republican,"abortion,message-machine-2012,voting-record",a campaign video,1,1,0,0,1,4
813.json,"""Obama raises taxes on seniors (and) hard-working families to give welfare to those who pay none.""",false,john-mccain,republican,taxes,a Web ad,8,39,31,31,37,1
12995.json,Illegal immigration costs our country more than $113 billion a year.,barely-true,donald-trump,republican,immigration,a speech in Arizona,61,114,63,51,37,2
12379.json,"Says 80 percent of North Carolinians support the concept that men should not be in womens restrooms, changing rooms, bathrooms, etc.",half-true,tim-moore,republican,"civil-rights,gays-and-lesbians,polls,sexuality",a conversation with reporters,0,0,0,1,0,3
2571.json,"In ad attacking Rick Scott, says three executives of the Columbia/HCAhospital chain he ran were indicted.",half-true,florida-democratic-party,democrat,"health-care,legal-issues,message-machine",a TV ad.,3,4,5,4,5,3
818.json,The accuracy of the Obama tax calculator,half-true,barack-obama,democrat,taxes,campaign Web site,9,71,70,160,163,3
12033.json,Banks paid Hillary Clinton over $1 million and are contributing millions more to elect her.,half-true,future45,republican,"campaign-finance,financial-regulation",a television ad,0,0,0,1,0,3
2175.json,House Democrats have a two-to-one advantage money-wise against House Republicans.,mostly-true,nancy-pelosi,democrat,"campaign-finance,elections,abc-news-week","an interview on ABC's ""This Week""",3,7,3,11,2,4
10234.json,Says Jonathan Gruber was some adviser who never worked on our staff.,barely-true,barack-obama,democrat,health-care,"Brisbane, Australia, for the G20 summit",9,71,70,160,163,2
9448.json,There have been 74 school shootings in America since Sandy Hook.,barely-true,everytown-gun-safety,none,"children,education,guns",an infographic that went viral,0,0,3,1,0,2
7781.json,"We had people that were getting killed (in Benghazi), we had people who are willing to risk their lives to go save them, and somebody told them to stand down.",false,jason-chaffetz,republican,"military,terrorism",an interview on Fox News,1,1,0,0,0,1
8867.json,I always supported civil unions.,barely-true,charlie-crist,democrat,gays-and-lesbians,a press conference,2,9,15,20,19,2
6830.json,"Right now, the (Congressional Budget Office) says up to 20 million people will lose their insurance as Obamacare goes into effect next year.",false,mitt-romney,republican,"debates,health-care",the first presidential debate in Denver,19,32,34,58,33,1
11493.json,"No city in the state, no state in this nation, for that matter the entire world, has adopted (clean energy) targets more ambitious in scale.",mostly-true,kevin-de-leon,democrat,"climate-change,energy",a speech,0,0,0,0,3,4
12557.json,"If Question 1 were to pass here in Nevada, we would have more restrictive gun laws here in Nevada dealing with the transfer of firearms than they do in California.",half-true,robert-uithoven,republican,guns,on an episode of Nevada NewsMakers,0,0,0,1,0,3
6906.json,On Iran sanctions,false,tammy-baldwin,democrat,"foreign-policy,military",debate comments,0,5,5,7,4,1
8630.json,"Even after collective bargaining reforms, most Wisconsin public employees are still paying about 12 to 13 percent of their health insurance premiums, while most state residents who work in the private sector pay 20 to 25 percent.",mostly-true,scott-walker,republican,"health-care,state-budget,state-finances,unions",an interview,11,41,26,32,40,4
10625.json,The stock market has almost tripled since April of 2009.,mostly-true,jim-webb,democrat,"economy,financial-regulation","an interview on ABC's ""This Week""",0,0,1,1,5,4
5799.json,Says George Norcross said the TAKEOVER OF RUTGER$ CAMDEN WILL COST NEW JER$EY BILLION$.,false,r2rmerge,none,"education,state-finances",a flier,0,1,0,0,0,1
9127.json,The NCAA will get billions from the mens basketball tournament. Players get a trophy.,half-true,arian-foster,none,"education,sports",a tweet,0,0,0,1,0,3
7013.json,Says U.S. Rep. Charles Bass wants to privatize Social Security.,barely-true,ann-mclane-kuster,democrat,social-security,"an ad, “Janice,” released September 6, 2012",0,1,2,3,0,2
5946.json,The recent process of awarding $3 billion worth of airport vending contracts was the most open and transparent procurement process in the citys history.,half-true,kasim-reed,democrat,"transparency,transportation",a press release,1,0,1,5,7,3
5770.json,Says Ted Cruz represents a Chinese company found guilty of stealing blueprints from an American manufacturer.,mostly-true,david-dewhurst,republican,"candidates-biography,legal-issues,message-machine-2012",a TV ad.,5,8,8,10,5,4
1778.json,"Says the EPA ""outsourced the scientific basis for its greenhouse gas regulation to a scandal-plagued international organization that cannot be considered objective or trustworthy.""",barely-true,greg-abbott,republican,"energy,environment,legal-issues",a press release,5,3,11,8,6,2
537.json,"""More than half of all black children live in single-parent households, a number that has doubled doubled since we were children.""",true,barack-obama,democrat,families,a speech at a Chicago church,9,71,70,160,163,5
1318.json,"In the health care bill, were now offering insurance for dogs.",pants-fire,glenn-beck,none,"health-care,pundits",his radio program,6,7,5,7,2,0
3752.json,"Says the Texas Board of Nursing has a backlog of 3,000 complaints against nurses, many of them sexual assaults, malfeasance.",mostly-true,john-whitmire,democrat,"crime,health-care,market-regulation",remarks on the Senate floor,0,0,0,0,1,4
11898.json,Americans havent had a raise in 15 years.,mostly-true,hillary-clinton,democrat,"economy,jobs",a Democratic presidential debate in Milwaukee,7,29,40,69,76,4
10642.json,"More than 7,000 Americans lost their lives to climate change-fueled events last year.",false,don-beyer,democrat,"climate-change,environment",an op-ed.,0,2,1,1,3,1
9061.json,Says President Abraham Lincoln enforced the Fugitive Slave Act until the Civil War ended.,barely-true,andrew-napolitano,republican,history,"a broadcast of ""The Daily Show""",3,0,3,2,0,2
12401.json,Nevada Democratic Party leaders hijacked the process on the floor of the state convention ignoring the regular procedure and ramming through what they wanted to do.,false,jeff-weaver,democrat,elections,a television interview on CNN,0,1,0,0,0,1
7468.json,Says Studies show the average age of entry into prostitution is 12 to 14 years old.,half-true,diane-mckeel,county-commissioner,"children,county-government,families",in a guest column,0,0,0,1,0,3
7908.json,"Worldwide credit card transactions, the credit card fraud rate is 0.04 percent, compared to almost 8 percent, 9 percent, 10 percent of Medicare fraud.",mostly-true,peter-roskam,republican,"crime,government-efficiency,medicare",an interview with Fox News,0,0,0,0,1,4
10976.json,The Confederate battle flag in South Carolina was first flown at the statehouse in 1961.It was flown as a symbol of massive resistance to racial desegregation.,mostly-true,eugene-robinson,none,"diversity,history,states","comments on NBC's ""Meet the Press""",0,0,0,0,2,4
2426.json,The new health care law will cut $500 billion from Medicare. That will hurt the quality of our care.,barely-true,60-plus-association,none,"health-care,medicare,message-machine",a campaign ad,1,0,2,0,0,2
7828.json,Says the inspector general for the IRS said there was no political motivation and no outside influence for targeting of tax-exempt applications from tea party groups,mostly-true,sander-levin,democrat,taxes,an interview on MSNBC,0,0,0,0,1,4
11134.json,Obama Makes Huge Move to BAN Social Security Recipients From Owning Guns,false,blog-posting,none,"disability,guns,retirement,social-security",various conservative websites,44,19,7,3,5,1
1984.json,"""In Florida alone, more than $3.5 billion a year is spent on health care and criminal justice for illegal immigrants.""",false,ritch-workman,republican,immigration,a 'Florida Today' opinion page article published,0,1,1,0,0,1
238.json,"When Obama was sworn into office, he DID NOT use the Holy Bible, but instead the Kuran (Their equivalency to our Bible, but very different beliefs).",pants-fire,chain-email,none,"obama-birth-certificate,religion",,105,43,11,8,5,0
6213.json,"Says state Sen. Paul Sarlo said in February on NJTV, there will be no tax increases in this budget and voted the other night in the Senate Budget Committee to raise income taxes $800 million.",mostly-true,chris-christie,republican,"state-budget,taxes",a video posted on YouTube,8,17,10,27,19,4
1988.json,"The U.S. deficit ""increases at $3 million per second.""",false,bill-clegg,republican,"economy,federal-budget,government-efficiency,health-care",candidate web page,0,1,0,0,0,1
12202.json,Attorney General Roy Cooper refuses to do his job by not defending House Bill 2 in a lawsuit.,half-true,phil-berger,republican,"ethics,gays-and-lesbians,campaign-advertising,states",a Facebook post,0,0,0,1,0,3
9686.json,Says John Cornyn dodged the draft during the Vietnam War.,pants-fire,david-alameel,democrat,"candidates-biography,history,military,public-service",his speech at the Texas Democratic Party convention,1,1,0,1,0,0
9416.json,"Says when armed civilians stop mass shootings with guns, an average of 2.5 people die; otherwise, an average of 18 people die.",false,jim-rubens,republican,guns,"in an interview at gun shop in Hudson, N.H.",0,1,1,0,1,1
11807.json,I am the only candidate on either side who has laid out a specific plan about what I would do to defeat ISIS.,false,hillary-clinton,democrat,"foreign-policy,terrorism","a speech in Burlington, Iowa",7,29,40,69,76,1
1286.json,"""Forcing Americans off of their current health coverage and onto a government-run plan isn't the answer, but that's exactly what the Democrats' plan would do.""",false,john-boehner,republican,health-care,a statement on his Web site,2,22,13,11,4,1
4147.json,Says the state budget doubled property tax credits for seniors and middle class New Jerseyans and had no tax increases for any New Jersey family for the second year in a row.,half-true,chris-christie,republican,"state-budget,state-finances,taxes",a radio ad,8,17,10,27,19,3
8895.json,Americans work way more than an average of industrialized countries around the world.,mostly-true,keith-ellison,democrat,jobs,"comments on ABC's ""This Week""",0,0,0,0,1,4
3773.json,The health care price tag for childhood obesity in Georgia is $2.4 billion annually and rising.,false,nathan-deal,republican,public-health,a speech,0,5,9,11,11,1
8638.json,"For the cost of $5 vanilla soy latte a day, you can get a sweet health insurance plan to match.",half-true,cover-oregon,organization,health-care,an Internet ad campaign,0,0,0,1,0,3
6583.json,Says Sherrod Brown voted for the $1.17 trillion health care law that adds a new tax on Ohio manufacturers.,half-true,crossroads-gps,republican,"health-care,taxes",a campaign commercial,2,1,9,4,1,3
401.json,"John McCain and George Bush have ""absolutely no plan for universal health care.""",true,campaign-defend-america,none,health-care,a television ad,0,1,0,0,2,5
7037.json,Says Bill Young voted twice for the Ryan budget that ends the current Medicare system.,half-true,jessica-ehrlich,democrat,medicare,a TV commercial,0,0,0,1,0,3
7264.json,I am now the No. 2 member of this House in terms of length of service.,true,bill-batchelder,republican,"job-accomplishments,public-service",a speech on the House floor,3,1,0,1,1,5
7626.json,"The people who were running the budget, in the Corzine years, decided to steal from the unemployment trust fund. As did other Governors before. We simply dont do that, havent done it, and wont permit it.",barely-true,chris-christie,republican,"state-finances,taxes","an answer to a caller on NJ 101.5's ""Ask The Governor"" program",8,17,10,27,19,2
11414.json,60 percent of all Americans do not want to see Planned Parenthood defunded.,true,gwen-moore,democrat,"abortion,federal-budget,health-care,polls,public-health,women",a speech,1,4,3,4,3,5
12225.json,The state that has the highest per capita number of guns that end up committing crimes in New York come from Vermont.,half-true,hillary-clinton,democrat,"crime,guns","an event in Port Washington, N.Y.",7,29,40,69,76,3
3313.json,Says the Hawaii governor cant find anything that says (President Barack Obama) was born in Hawaii.,false,leo-berman,republican,"elections,obama-birth-certificate",a news article,1,2,0,0,0,1
4596.json,Every worker pays 15.3 percent payroll tax.,barely-true,herman-cain,republican,"new-hampshire-2012,taxes,workers",an interview on MSNBC,3,11,4,5,3,2
2001.json,Says Republican lieutenants to House Speaker Joe Straus aired radio ads supporting Democrat(ic state Rep.) Mark Homer... helping the Democrat to a narrow win.,mostly-true,david-barton,republican,"bipartisanship,campaign-finance",an open letter,0,0,1,1,2,4
5881.json,Says no Austin City Council member lives south of Lady Bird Lake or north of 45th Street.,mostly-true,shaun-ireland,none,city-government,a campaign video on the city's website,0,0,0,0,1,4
3156.json,Georgia is the second-fastest growing state for international tourists.,true,chris-cummiskey,none,tourism,a budget presentation,0,0,0,0,0,5
5238.json,"Right now, American oil production is the highest that its been in eight years.",mostly-true,barack-obama,democrat,energy,the State of the Union address,9,71,70,160,163,4
709.json,"""Obama's Ten Point Plan to 'Change' the Second AmendmentBan use of firearms for home defense.""",pants-fire,national-rifle-association,none,guns,direct mail piece,3,5,3,1,5,0
5654.json,Obama tells Russia that hell turn over Americas defense system to them if re-elected.,pants-fire,eric-johnson,republican,"foreign-policy,military",a Twitter post,1,1,0,1,0,0
13499.json,"President Obamas American Recovery and Reinvestment Act (was) a fancy name for almost a trillion-dollar spending bill. The ARRA was supposed to fix our crumbling roads and bridges, but now, we have absolutely nothing to show for it.",barely-true,eric-bolling,none,"federal-budget,infrastructure,stimulus",a commentary on Fox News,0,1,2,1,1,2
9921.json,Says Scott Walkers jobs agency gives financial incentives that lead Wisconsin companies to look at shipping jobs elsewhere. ... A company got $4.6 million in taxpayer money and actually reduced its jobs by 300 people.,barely-true,mary-burke,democrat,"economy,jobs,state-budget,taxes,workers",an interview,3,5,5,11,8,2
10150.json,Rick Scott vetoed funding for 30 Florida rape crisis centers. Scott said the centers werent needed.,barely-true,charlie-crist,democrat,"health-care,state-budget,women",a TV ad,2,9,15,20,19,2
12549.json,"The ammunition used in the Orlando shooting is banned by Geneva Convention. It enters the body, spins explodes.",false,michael-moore,none,guns,a tweet after the Orlando shooting,0,5,2,1,6,1
4900.json,The only reason the unemployment rate is going down is because twice as many people dropped out of the employment pool as the number of jobs were created.,barely-true,newt-gingrich,republican,"economy,jobs,workers",a press conference,11,15,16,20,10,2
10822.json,The families that are covered through the Low Income Pool is a different group of individuals than are covered by Obamacare.,barely-true,rick-scott,republican,"health-care,medicaid,state-budget","an interview in Washington, D.C.",7,23,28,38,34,2
9026.json,Every child in Colorado who has been given medical marijuana for treatment for seizures has had diminished seizure activity.,half-true,allen-peake,republican,"children,health-care,marijuana",a meeting,0,0,0,1,0,3
7488.json,Florida is second in the nation in the uninsured.,mostly-true,christopher-l-smith,democrat,"health-care,medicaid",a speech,0,0,0,2,1,4
11797.json,"Says Donald Trump thinks that climate change is a hoax, invented by the Chinese.",mostly-true,bernie-s,independent,"climate-change,science","an interview on NBC's ""Meet the Press""",0,12,18,22,41,4
10160.json,The Austin Tea Party and an ultra-conservative millionaire are behind the campaign against the citys light-rail proposition.,half-true,lloyd-doggett,democrat,"city-budget,city-government,corrections-and-updates,transportation",a Let's Go Austin mailer,0,0,1,2,7,3
2462.json,"Says Republican opponent Jason Isaac is peddling a plan meaning Texans would pay the highest sales taxes in America, up to 14.5 percent.",barely-true,patrick-rose,democrat,"message-machine,taxes",a TV ad.,0,0,1,0,0,2
12050.json,Common Core is education through Washington D.C.,false,donald-trump,republican,education,a GOP debate in Miami,61,114,63,51,37,1
7662.json,Says Texas school systems lose 45 days a year on testing.,barely-true,david-dewhurst,republican,education,in an appearance on Mark Davis’ KSKY-AM radio show,5,8,8,10,5,2
6705.json,"Says Congressman Jon Runyan has a plan to raise Medicare costs $6,400 a year.",barely-true,shelley-adler,democrat,"health-care,medicare,message-machine-2012",a video posted on YouTube,0,2,1,0,0,2
9102.json,Says Sen. Thad Cochran voted to spend hundreds of millions of dollars on ... the Bridge to Nowhere in Alaska instead of shifting the money to repair a bridge damaged by Hurricane Katrina.,half-true,chris-chocola,republican,"federal-budget,infrastructure,transportation,weather",an op-ed supporting Senate candidate Chris McDaniel,0,0,0,1,0,3
2029.json,Sen. McConnell offered a fully paid two-month extension of unemployment insurance.,true,john-cornyn,republican,"economy,federal-budget",a conference call with Texas reporters,1,3,5,6,2,5
9534.json,Nearly 60 percent of women who use birth control do so for more than just family planning.,mostly-true,debbie-wasserman-schultz,democrat,"health-care,supreme-court,women",a statement to the media,3,9,7,8,15,4
6617.json,Says Barack Obama is a Muslim.,pants-fire,hank-williams-jr,none,"candidates-biography,religion",a concert in Fort Worth.,1,0,0,0,0,0
8731.json,"Under a proposed bill, a $100,000 homes flood insurance premium would be maybe $200 or $300 annually.",false,gus-bilirakis,republican,"florida,housing",a Bay News 9 interview,0,1,1,0,1,1
2800.json,Georgias high school graduation rate topped 80 percent in 2010.,half-true,sonny-perdue,republican,education,speeches at schools across the state,0,0,0,1,0,3
9329.json,We were the last flag flying in Benghazi.,false,trey-gowdy,republican,"foreign-policy,terrorism","an interview on ""Fox News Sunday""",0,1,1,0,0,1
102.json,"""I was the first presidential candidate to lay out a specific, truly universal health care plan.""",false,john-edwards,democrat,health-care,"Hanover, N.H.",1,2,0,4,4,1
10351.json,"Says President Barack Obama got a pass over controversalremarks byRev. Jeremiah Wright, while a12-year-old speech by House Majority Whip Steve Scalise hasblown up into a national story.",false,newt-gingrich,republican,pundits,"an interview on CBS's ""Face the Nation""",11,15,16,20,10,1
13244.json,Says Donald Trumps tax plan gives the wealthy and corporations more than the Bush tax cuts by at least a factor of two.,true,hillary-clinton,democrat,taxes,the second presidential debate,7,29,40,69,76,5
11053.json,25 percent of federal inmates are noncitizens.,mostly-true,larry-oconnor,republican,immigration,"an interview on ""The Real Story with Gretchen Carlson"" on Fox News",0,0,0,0,1,4
528.json,"""John McCain stood up to the president and sounded the alarm on global warming ... five years ago.""",true,john-mccain,republican,environment,a TV ad,8,39,31,31,37,5
900.json,"If Obama's economic plan creates 600,000 new government jobs, ""that's about the size of the post office work force.""",mostly-true,mitch-mcconnell,republican,"federal-budget,stimulus",in a news interview,0,6,7,5,7,4
5546.json,"In 1950, the average American lived for 68 years and 16 workers supported one retiree. Today, the average life expectancy is 78 and three workers support one retiree.",true,frank-wolf,republican,"retirement,social-security",a news release,0,0,1,0,0,5
9076.json,Reporters rehearse questions with White House press (secretary).,pants-fire,drudge-report,none,pundits,a post on their website,2,0,0,0,0,0
12646.json,40% of Americans know someone who has been killed by a gun.,mostly-true,debbie-wasserman-schultz,democrat,"guns,public-safety,market-regulation",a Medium post,3,9,7,8,15,4
1615.json,Florida's cost for the Medicaid expansion will be $1.6 billion a year or more.,half-true,bill-mccollum,republican,"health-care,state-budget",a press conference,1,1,2,2,0,3
13438.json,"Republican gubernatorial candidate Eric Greitens spent another $600,000 on image consultants to rebrand his charity, The Mission Continues.",half-true,chris-koster,democrat,candidates-biography,a campaign ad,0,0,0,2,3,3
9187.json,Obamacare is costing 2 million jobs.,barely-true,laura-ingraham,none,"health-care,jobs","comments on ABC's ""This Week""",1,5,2,1,0,2
13014.json,Donald Trumps been completely consistent about his plan for nonviolent undocumented immigrants.,false,mike-pence,republican,"candidates-biography,immigration","an interview on ""Meet the Press""",0,10,8,12,5,1
8300.json,Weve used (generally accepted accounting principles) here in this building the last two years.,barely-true,dale-kooyenga,republican,"state-budget,state-finances,states",a legislative hearing,0,1,1,2,2,2
2012.json,"The U.S. ""only ranks 25th worldwide on defense spending as a percentage of GDP.""",barely-true,sarah-palin,republican,"federal-budget,foreign-policy,military",a Facebook posting,6,19,9,9,6,2
3636.json,Every person on death row was a foster kid.,false,steve-wise,republican,"children,families,florida,public-service",in a Senate Education PreK-12 committee hearing,0,1,0,1,0,1
3905.json,Roughly 700 Georgians die needlessly each year because they are too far from a trauma center.,barely-true,kevin-bloye,none,polls,AJC story,0,0,1,0,0,2
8231.json,"Says every day of a special session costs taxpayers $40,000.",false,sal-esquivel,republican,government-efficiency,an opinion article,0,1,0,0,0,1
5125.json,"Says over the last two years, New Jersey Schools Development Authority employees have not started or completed one single school project, and Im not talking about major school renovation. Im talking about replacing boilers, roofs.",false,david-sciarra,none,education,testimony before the state Assembly Budget Committee,0,1,0,0,1,1
12347.json,Theres no data that says a gun-free zone has saved lives.,mostly-true,michael-oneill,none,guns,a legislative hearing ,0,0,0,0,1,4
2899.json,"In 2009, Jim Doyle and the Democrats rushed through a budget repair bill with billions in tax increases and held no public hearings.",barely-true,jeff-fitzgerald,republican,"state-budget,taxes",a news release,2,0,2,1,2,2
9220.json,Liberals have figured out a Facebook algorithm and all the people getting banned from Facebook are somehow conservatives.,false,todd-starnes,republican,pundits,"an interview on ""Hannity""",0,2,0,0,0,1
5068.json,"I think with the exception of the last year or maybe the last two years, we were at 100 percent when it came to contributing to the Providence pension fund.",mostly-true,david-cicilline,democrat,"city-budget,pensions,retirement,taxes",an appearance on WPRI's Newsmakers,1,4,7,5,4,4
9124.json,"A Koch brothers group is going to college campuses, giving away free booze to try to bribe young folks out of getting health insurance.",half-true,organizing-action,democrat,"Alcohol,health-care",a fundraising email,0,0,0,1,1,3
3816.json,Says the United States is the Saudi Arabia of coal.,mostly-true,eric-cantor,republican,energy,a press conference,4,6,9,4,4,4
4187.json,"Thirty-four of the last 44 (debt ceiling increases) have been for less than a year. So, this notion that short-term is somehow the exception, its actually the rule.",true,rob-portman,republican,"deficit,federal-budget",an interview on MSNBC,1,5,3,11,11,5
659.json,"Biden is ""one of the least wealthy members of the U.S. Senate.""",true,howard-dean,democrat,candidates-biography,a TV interview,0,4,1,1,2,5
6860.json,Says she is a registered nurse.,false,laurie-monnes-anderson,democrat,candidates-biography,in voters' guide,0,1,0,0,0,1
8156.json,Says President Obama just granted all of Congress an exception to Obamacare.,false,ted-cruz,republican,"congress,health-care","a speech to the Family Leadership Summit in Ames, Iowa",8,33,36,15,19,1
2855.json,On high-speed rail.,false,tom-petri,republican,"federal-budget,state-budget,transportation",a news release ,0,1,0,0,0,1
4676.json,GOP presidential hopeful Herman Cain called Ron Pauls followers ignorant.,false,ron-paul,republican,campaign-advertising,the Republican presidential debate at Dartmouth College in New Hampshire,3,8,5,8,8,1
10135.json,"Ed Gillespies firm even lobbied for five foreign governments, including a dictator now awaiting trial for war crimes.",half-true,mark-warner,democrat,"candidates-biography,message-machine-2014",a TV ad.,0,1,3,6,3,3
4371.json,"Says that in 2009 ExxonMobil paid no federal income taxes, received a $156 million rebate.",false,dennis-kucinich,democrat,"corporations,taxes",a television interview,0,3,1,4,6,1
7287.json,Says Ohios economic recovery started in February 2010.,mostly-true,ted-strickland,democrat,economy,a news release,1,6,2,7,4,4
99.json,"""One man opposed a flawed strategy in Iraq. One man had the courage to call for change. One man didn't play politics with the truth.""",true,john-mccain,republican,iraq,a TV ad,8,39,31,31,37,5
9412.json,Public display of a long rifle is perfectly legal in Texas.,true,mike-hashimoto,none,"government-regulation,guns,legal-issues",a commentary,0,0,0,0,0,5
3049.json,Says the claims that Texas faces a $27 billion shortfall are flat-out false.,false,talmadge-heflin,republican,state-budget,a blog post.,0,1,0,0,0,1
328.json,"Romney left Massachusetts ""with a $245-million debt because of the big government-mandated health care system.""",barely-true,john-mccain,republican,health-care,"a debate in Simi Valley, Calif.",8,39,31,31,37,2
13366.json,Says Marco Rubio has a 98 percent voting record with the Koch brothers.,mostly-true,patrick-murphy,democrat,voting-record,a U.S. Senate debate ,0,1,2,4,5,4
3440.json,Says the states rainy day fund is our insurance policy against a major natural disaster.,barely-true,rick-perry,republican,"state-budget,taxes",a conference call.,18,30,30,42,23,2
10073.json,Four million women have fallen into poverty in the last six years.,barely-true,david-perdue,republican,"poverty,women",a U.S. Senate debate,1,1,5,4,5,2
2817.json,"Sewer backups into basements caused the vast majority of the damage to homes and buildings in Milwaukees July floods, but federal flood insurance doesnt cover them.",half-true,jim-bohl,none,environment,a news release,0,0,1,1,0,3
4219.json,The (State Board of Administration) transparency issue got a great airing the last legislative session.,false,ash-williams,none,"financial-regulation,state-finances,transparency",response to a question from Gov. Rick Scott,0,1,0,0,0,1
3153.json,Says there are a half a trillion dollars in cuts to Medicare that are going to go in place as a result of health care reform.,barely-true,jim-renacci,republican,"health-care,medicare",a town hall forum,1,3,5,4,1,2
6838.json,"Were up 123,000 jobs over the last year and three-quarters. Were actually, according to the Bureau of Labor statistics, down 500 ... auto jobs in Ohio.",mostly-true,john-kasich,republican,"economy,jobs",a television interview,3,8,9,10,18,4
6146.json,"Gov. Romney was very clear, he would veto the DREAM Act.",true,david-plouffe,democrat,immigration,a comment on 'Fox News Sunday',0,0,1,0,2,5
7132.json,National studies are already showing the negative effects that the health care law is having on businesses and our economy. Businesses across the country are raising their prices (or) cutting jobs as a result of the added cost.,false,pam-bondi,republican,"economy,health-care,jobs,workers",remarks to the Florida Chamber of Commerce,0,2,2,0,4,1
8666.json,The new Atlanta Braves stadium will require no tax increase for homeowners and provide $3 million annually for Cobb County schools.,half-true,revitalize-cobb,none,"sports,taxes",a flier,0,0,1,1,0,3
3123.json,The federal government now tells us which light bulbs to buy.,barely-true,michele-bachmann,republican,"energy,market-regulation",a response to the State of the Union address,16,22,8,6,4,2
10911.json,Fox News barely covered (the Duggar family) scandal until Megyn Kelly was able to secure this interview.,true,brian-stelter,none,"pop-culture,pundits","an interview on ""CNN Tonight""",0,0,0,0,0,5
9145.json,A poll taken a few months ago found 70 percent approval or higher for the Act 10 collective bargaining law.,false,scott-walker,republican,"city-government,county-government,education,health-care,pensions,polls,state-budget,state-finances,taxes,unions",an interview,11,41,26,32,40,1
4599.json,The Milwaukee County sheriffs department plays only a limited role as a traditional law enforcement agency and in 2009 reported far fewer crimes to the FBI than the University of Wisconsin-Milwaukee police did.,half-true,chris-abele,none,"county-budget,county-government,crime",a speech,2,5,3,4,4,3
7505.json,"Says, I-205, six miles of which runs through my district, already carries more traffic than I-5.",true,jackie-dingfelder,democrat,"environment,infrastructure,state-budget,transportation",a floor speech,0,0,0,0,0,5
316.json,"""But it was Hillary Clinton, in an interview with Tom Brokaw, who quote 'paid tribute' to Ronald Reagan's economic and foreign policy.""",half-true,barack-obama,democrat,history,a radio ad in South Carolina,9,71,70,160,163,3
1519.json,"""Since 1981, reconciliation has been used 21 times. Most of it's been used by Republicans.""",true,harry-reid,democrat,"bipartisanship,health-care",the televised health care summit,3,5,4,3,7,5
11557.json,Says President Dwight Eisenhower moved 1.5 million illegal immigrants out of this country.,half-true,donald-trump,republican,"history,immigration",the Fox Business Network debate,61,114,63,51,37,3
9089.json,There are over 100 pipelines between the United States and Canada right now.,barely-true,jeb-bush,republican,"climate-change,energy,environment",public remarks,2,5,17,17,24,2
3349.json,"Weve seen local union after local union rush to their school boards, their city councils, their technical school boards and rush through contracts in the past two weeks that had no contributions to the pension and no contribution to health care.",barely-true,scott-walker,republican,"labor,state-budget",an appearance on a TV interview program,11,41,26,32,40,2
6981.json,Says GM used taxpayer dollars to prop up operations in China.,false,let-freedom-ring,none,"china,jobs,message-machine-2012",a Web video,0,2,0,1,0,1
10301.json,There is no good data showing secondhand smoke kills people.,false,john-stossel,libertarian,"public-health,science","an interview on ""Fox and Friends""",0,1,0,0,0,1
6427.json,"In June 2012 we actually had more people go on Social Security Disability [85,000] ... than the 80,000 jobs that were created.",true,allen-west,republican,"economy,jobs,social-security",a radio interview,4,9,6,3,1,5
12548.json,"Says Donald Trump has bankrupted his companies not once, not twice but four times.",mostly-true,hillary-clinton,democrat,candidates-biography,a speech on the economy,7,29,40,69,76,4
1858.json,"""For now, we are still below average in the metro region.""",true,francis-kungu,none,government-efficiency,a presentation,0,0,0,0,0,5
410.json,"Obama says America is great, but let's ""try to change it.""",pants-fire,blog-posting,none,patriotism,a blog posting,44,19,7,3,5,0
264.json,"""Ronald Reagan did amnesty.""",true,rudy-giuliani,republican,immigration,"a debate in Manchester, N.H.",3,11,9,10,7,5
10334.json,"We have a system now where in 40 states, the highest-paid public employee is the state universitys head football or basketball coach.",mostly-true,jim-moran,democrat,"education,sports,state-budget",a Facebook post,1,1,2,1,6,4
2974.json,Every student paying out-of-state tuition actually covers more than the cost of instruction.,true,james-jolly,none,immigration,a University of Georgia System newsletter,0,0,0,0,0,5
957.json,"In eighth grade math, weve fallen to ninth place.",false,barack-obama,democrat,education,a speech on education,9,71,70,160,163,1
10300.json,The authors of a report on CIAs torture techniques never interviewed a single CIA official.,half-true,marco-rubio,republican,"homeland-security,human-rights,terrorism",a news release,5,24,33,32,35,3
13377.json,Says U.S. Sen. Ron Johnson doesnt even believe that theres a man-made role in climate change.,mostly-true,russ-feingold,democrat,environment,a meeting with the Milwaukee Journal Sentinel editorial board.,1,4,2,7,5,4
13130.json,"In Chicago, theyve had thousands of shootings, thousands since Jan. 1. Thousands of shootings.",true,donald-trump,republican,"crime,guns,public-safety",a Presidential debate,61,114,63,51,37,5
10634.json,"Many of the alarmists on global warming, theyve got a problem because the science doesnt back them up. In particular, satellite data demonstrate for the last 17 years, theres been zero warming.",barely-true,ted-cruz,republican,"climate-change,science","an interview on ""Late Night with Seth Meyers""",8,33,36,15,19,2
8010.json,"Texas ranks: #1 in worker deaths, #1 carbon emissions, #50 in high school graduates, #50 in funding for mental health patients.",half-true,facebook-posts,none,"climate-change,education,energy,environment,health-care,states,workers",a fake Rick Perry 2016 poster.,36,18,14,15,11,3
8322.json,Warren Buffett says stop Obamacare now and start over.,pants-fire,tom-graves,republican,health-care,an ABC News interview,1,0,1,5,0,0
1981.json,"""In her first appellate argument, Ms. Kagan told the court that the speech and press guarantees in the First Amendment would allow the federal government to ban the publication of pamphlets discussing political issues before an election.""",half-true,jeff-sessions,republican,"campaign-finance,elections,kagan-nomination",the Kagan confirmation hearing,0,2,2,2,1,3
455.json,"During the Monica Lewinsky scandal, the Clintons brought the Rev. Jeremiah Wright to the White House for ""spiritual counseling.""",false,michael-moore,none,candidates-biography,MichaelMoore.com,0,5,2,1,6,1
5098.json,President Obama has raised taxes 19 times.,half-true,mitt-romney,republican,taxes,an e-mail to the Los Angeles Times,19,32,34,58,33,3
11115.json,(Hillary Clintons State Department) actually admonished one of her ambassadors because he wasnt using the proper server.,true,rand-paul,republican,"technology,transparency","an interview on ""Fox News Sunday""",3,8,7,10,12,5
12951.json,Says Hillary Clinton abided by the ethics agreement between the Clinton Foundation and the Obama administration.,barely-true,jennifer-granholm,democrat,ethics,an interview on CNN,0,0,1,3,2,2
11090.json,"Georgia has more than 700 law enforcement agencies, and fewer than 20 percent of them are state-certified.",mostly-true,police-chief-billy-grogan,none,"crime,public-safety",press release,0,0,0,0,1,4
2513.json,"Jobs incentive program created over 1,200 high-wage jobs since 2009.",false,tammy-hall,none,"county-budget,economy",a campaign mailer,0,1,0,0,0,1
7203.json,"Even hunters are restricted from using large capacity magazines: there is a five cartridge limit for large game hunting, and three for bird hunting.",true,ginny-burdick,democrat,"guns,recreation",an email,0,0,0,0,0,5
1997.json,I have filed every disclosure that has ever been required.,true,gail-buckner,democrat,ethics,political debate,0,0,0,0,0,5
908.json,"Energy nominee Steven Chu has called coal ""his worst nightmare.""",mostly-true,james-inhofe,republican,energy,in a news release,0,1,0,0,1,4
1657.json,"The Florida House is ""holding the FINAL public hearing"" of a controversial education bill in the middle of spring break...""when they hope (teachers) are not watching or listening.""",false,florida-education-association,none,education,a statement on the group's Web site,0,2,0,0,0,1
6695.json,Says Republican U.S. Rep. Sean Duffy voted against paying our soldiers and against increasing combat pay while voting to protect his own pay.,false,democratic-congressional-campaign-committee,democrat,"congressional-rules,federal-budget,message-machine-2012,military",a TV ad,9,8,11,5,1,1
13287.json,"Back in the Great Recession, when millions of jobs across America hung in the balance, Donald Trump said rescuing the auto industry didnt really matter very much. He said, and I quote again, Let it go.",pants-fire,hillary-clinton,democrat,"bankruptcy,candidates-biography,jobs",a rally in Detroit,7,29,40,69,76,0
9690.json,"We would create thousands of jobs in Colorado, if the Keystone Pipeline were to be built.",barely-true,cory-gardner,republican,"climate-change,energy,environment,government-regulation",an interview on Univision Radio,0,1,4,0,0,2
12121.json,"Out of 67 counties (in Florida), I won 66, which is unprecedented. Its never happened before.",pants-fire,donald-trump,republican,elections,a press conference,61,114,63,51,37,0
8648.json,Gov. Charlie Crist sought for and got approved the automatic restoration of felon rights for nonviolent offenders for the first time in Florida history.,false,dan-gelber,democrat,"civil-rights,crime,elections",Charlie Crist's campaign website,0,2,2,1,3,1
4030.json,One of the reasons that Budweiser stayed in New Jersey is the money they got from RGGI to put solar on their roof to save on their energy costs.,false,jeff-tittel,none,"cap-and-trade,climate-change,corporations,environment",testimony to the General Assembly Telecommunications and Utilities committee,1,1,0,1,0,1
13080.json,"Within just a few years, immigration as a share of national population is set to break all historical records.",mostly-true,donald-trump,republican,immigration,a speech in Arizona,61,114,63,51,37,4
11768.json,Hostages were released as soon as Ronald Reagan took office because Iran perceived that America was no longer under the command of someone weak.,pants-fire,marco-rubio,republican,foreign-policy,"an interview on ""Meet the Press""",5,24,33,32,35,0
337.json,"In the Florida Republican primary, ""we got a very large percentage of the, quote, conservative vote.""",barely-true,john-mccain,republican,elections,"an interview on ""Face the Nation""",8,39,31,31,37,2
6342.json,I ended up my time as governor with a general fund budget that was smaller than the one I started with.,true,tim-kaine,democrat,state-budget,a debate.,0,3,8,15,15,5
3359.json,Texas would have to increase current state spending by 28 percent just to reach the national average for spending per resident.,true,scott-mccown,democrat,state-budget,a letter.,0,0,0,0,0,5
2427.json,"Speaker Pelosi ... has been busy sticking the taxpayer with her $100,000 bar tab for alcohol on the military jets that shes flying.",pants-fire,michele-bachmann,republican,"ethics,government-efficiency",a speech to the Values Voter Summit,16,22,8,6,4,0
2661.json,"In the past two years, Democrats have spent more money than this country has spent in the last 200 years combined.",pants-fire,eric-cantor,republican,"federal-budget,history",an interview on Comedy Central's Daily Show with Jon Stewart,4,6,9,4,4,0
8081.json,Rhode Island has the highest percentage of lawyers per capita in the country.,false,helio-melo,democrat,legal-issues,a newspaper interview,1,1,0,0,0,1
11330.json,"When Carly Fiorina says Hewlett-Packard revenues went up, thats because she bought Compaq. It was a terrible deal.",mostly-true,donald-trump,republican,"candidates-biography,job-accomplishments,technology",the second GOP primary debate,61,114,63,51,37,4
6299.json,"A study showed that President Barack Obamas health-care reforms will devastate Wisconsin by pushing people off employer-sponsored insurance, driving up premiums, increasing dependency and making 122,000 people ineligible for Medicaid.",false,scott-walker,republican,"federal-budget,health-care,medicaid,medicare,state-budget,states",an op-ed piece,11,41,26,32,40,1
9655.json,"Between June 30 and July 10, CNN interviewed 17 Israeli public officials versus onePalestinian official.",half-true,rula-jebreal,none,"foreign-policy,israel",comments on MSNBC,0,0,0,1,1,3
11883.json,"Were spending tremendous amounts of money to educate our kids. In the world, were No. 1 per pupil by a factor of four.",barely-true,donald-trump,republican,education,comments at the University of Iowa,61,114,63,51,37,2
1433.json,"""Because of the steps we took, there are about 2 million Americans working right now who would otherwise be unemployed.""",half-true,barack-obama,democrat,"economy,stimulus",his State of the Union address,9,71,70,160,163,3
627.json,"The musical Mamma Mia! has ""been selling out for years.""",true,john-mccain,republican,pop-culture,"a town hall in Aspen, Colo.",8,39,31,31,37,5
263.json,"""Sen. Obama's chair in New Hampshire is a lobbyist. He lobbies for the drug companies.""",true,hillary-clinton,democrat,ethics,"a debate in Manchester, N.H.",7,29,40,69,76,5
103.json,"""I have not changed my position on the (gay) marriage amendment or anything else related to marriage.""",half-true,mitt-romney,republican,"families,gays-and-lesbians",an interview on MSNBC,19,32,34,58,33,3
2981.json,"TSA started off with 16,500 screeners and the agency has mushroomed to 67,000 employees with 3,590 administrative people ... making over $105,000 per year on average.",half-true,john-mica,republican,"homeland-security,transportation",a Fox News interview.,1,1,0,1,1,3
2901.json,"Last year, Beaverton School District had the highest number of homeless students ever recorded in Oregon.",false,city-beaverton,none,"education,housing",a press release,0,2,0,0,0,1
2842.json,The dollar has fallen over 44% since Bernanke began pumping money into the system beginning back in 2002.,half-true,virginia-tea-party-patriots,none,economy,a letter to Congress.,0,0,0,2,0,3
10641.json,"The IAEA, or the International Atomic Energy Agency, last month said the Iranians are not currently living up to their obligations.",mostly-true,liz-cheney,republican,"israel,nuclear","comments on ""Fox News Sunday""",0,1,0,0,1,4
7915.json,The Wisconsin Economic Development Corp. cannot account for creating one single job.,barely-true,chris-larson,democrat,jobs,an interview,1,5,6,0,1,2
4049.json,Voted the best specialty plate in America,barely-true,friends-plum-beach-lighthouse,organization,"pop-culture,states,transportation",A highway billboard,0,0,1,0,0,2
1807.json,"""Minnick voted to let the government fund abortion under Obamacare.""",false,national-republican-congressional-committee,republican,"abortion,health-care,message-machine",a TV ad,8,9,18,8,5,1
10614.json,"The delay inschool testingwas not that of a vendor, the problem was not that of the test materials itself,it was the product of a cyber attack.",barely-true,h-marlene-otoole,republican,education,House Education Appropriations Committee Hearing,0,0,1,0,0,2
1996.json,"""Today, we have more boots on the ground near the Southwest border than at any time in our history.""",mostly-true,barack-obama,democrat,immigration,a speech,9,71,70,160,163,4
9357.json,Cap and trade legislation was originally a Republican idea.,mostly-true,debbie-wasserman-schultz,democrat,"climate-change,environment",in a question and answer after a speech,3,9,7,8,15,4
10071.json,"Says Rick Scott changed his promise from700,000 jobs created on top of what normal growth would be to just 700,000 jobs.",true,charlie-crist,democrat,"economy,jobs",a campaign ad,2,9,15,20,19,5
5978.json,Says Democratic legislators this year dont want to cut your taxes under any circumstances.,pants-fire,chris-christie,republican,taxes,a video posted on YouTube,8,17,10,27,19,0
8026.json,"Guess what, governor? Theres no fried butter in Newark. Just 13 percent unemployment.",true,barbara-buono,democrat,jobs,an online gubernatorial campaign ad,1,1,3,4,4,5
8860.json,Virginia is the No. 1 recipient of federal dollars.,barely-true,terry-mcauliffe,democrat,"economy,federal-budget,state-budget,states",a speech.,3,6,12,2,2,2
8649.json,Says Nelson Mandela was a communist.,mostly-true,bill-oreilly,none,"foreign-policy,history","an exchange on Fox's ""The O'Reilly Factor""",1,6,4,3,5,4
3743.json,(Bill) Nelson voted for billions in wasteful spending earmarks like the Bridge to Nowhere.,mostly-true,george-lemieux,republican,"federal-budget,transportation",a Web ad,0,1,4,6,4,4
7880.json,"We (Georgia) collect fewer state taxes per capita than any other state although state taxes are low, Georgia is the eighth-most-dependent state on the federal government.",mostly-true,jason-carter,democrat,taxes,a meeting,0,0,1,2,1,4
8504.json,Only 14 percent of Americans were able to keep these individual market plans for two years before Obamacare became law.,half-true,van-jones,democrat,health-care,"a panel on ABC's ""This Week""",0,1,0,2,2,3
1019.json,"""Our government has now 'spent, lent, or committed' $12.8 trillion in its attempt to blunt the recession.""",true,mark-sanford,republican,"economy,stimulus",a commentary piece,0,2,0,0,0,5
3043.json,Members of Congress and their families and staff are exempt from repaying student loans.,pants-fire,chain-email,none,"congressional-rules,education",a chain e-mail,105,43,11,8,5,0
1128.json,"In every committee when the health care bill was considered, Democrats voted against an amendment that would require members of Congress and their staff to take the government-run public option as their health care plan.",mostly-true,newt-gingrich,republican,health-care,an interview with This Week.,11,15,16,20,10,4
11015.json,Says U.S. Sen. Ron Johnson voted to cut $700m from Medicare.,barely-true,moveon,democrat,"federal-budget,medicare,trade",a Facebook post,0,4,2,3,0,2
406.json,"It's ""common knowledge"" that al-Qaida is receiving training from Iran.",false,john-mccain,republican,iraq,"Amman, Jordan",8,39,31,31,37,1
6562.json,Claims Ohio Gov. John Kasich says climate change is a problem.,true,florida-wildlife-federation,none,"climate-change,environment",a billboard message,0,0,0,0,0,5
835.json,"Measures in Barack Obama's health plan could ""lower health care costs for the typical family by $2,500 a year.""",half-true,barack-obama,democrat,health-care,in a television ad,9,71,70,160,163,3
5909.json,Says One-third of our healthcare dollars go to wasteful insurance billing and bureaucracy.,mostly-true,jennifer-williamson,democrat,"health-care,public-health",a campaign mailer,0,0,0,0,1,4
6017.json,No one on my staff has ever been charged with a crime.,false,tom-barrett,democrat,"city-government,crime,job-accomplishments",a debate,3,5,2,8,5,1
9236.json,"In 2013 we had the largest, the best, private sector job growth weve had in this state since the 1990s.",mostly-true,scott-walker,republican,"economy,jobs",a radio interview,11,41,26,32,40,4
3034.json,"In my 12 years in the House, I have watched my district go from a solidly Democratic district to a heavily solid Republican district.",half-true,allan-ritter,republican,bipartisanship,a press conference.,0,0,0,1,0,3
10754.json,Rosalyn Dance voted against President Obamas Medicaid expansion.,barely-true,joe-morrissey,independent,"health-care,state-budget,voting-record",a campaign flier.,0,0,1,1,1,2
13331.json,"Just like Donald Trump, David Jolly wants to outlaw a womans right to choose.",barely-true,dccc-lgo,democrat,abortion,a campaign ad,0,1,1,0,0,2
6709.json,Says he will protect your guaranteed benefits in Medicare while Mitt Romney would take away Medicare as guaranteed benefits.,half-true,barack-obama,democrat,"health-care,medicare,message-machine-2012",a campaign commercial,9,71,70,160,163,3
6200.json,The Medicaid expansion is going to cost Florida $1.9 billion a year.,false,rick-scott,republican,"health-care,medicaid,state-budget",comments on CNBC,7,23,28,38,34,1
6491.json,Says Bill Nelson voted to raise our taxes 150 times.,false,connie-mack,republican,"candidates-biography,taxes",a video on his campaign website,1,3,3,1,3,1
12479.json,Says Donald Trump has the gall to say that prisoners of war like John McCain arent heroes.,half-true,hillary-clinton,democrat,"military,veterans",a national security speech in California,7,29,40,69,76,3
8002.json,"Says Canada has one-tenth of our populationyet it issues far more high-skilled visas (more than 150,000) yearly than we do (65,000).",half-true,jeb-bush,republican,"corrections-and-updates,immigration",a Wall Street Journal op-ed,2,5,17,17,24,3
9722.json,President Barack Obamas latest executive order mandates the apprehension and detention of Americans who merely show signs of respiratory illness.,pants-fire,blog-posting,none,"ebola,public-health",an article posted on Infowars.com,44,19,7,3,5,0
5843.json,"Since 2009, the Ohio Republican Party has made more contacts with voters nearly 6.6 million than any other GOP state organization in the nation.",mostly-true,kevin-dewine,republican,job-accomplishments,a resignation letter,0,0,1,0,1,4
5684.json,"Before this law, any group could go out anywhere, register voters, sit on the voter registration forms for unlimited amount of time.",barely-true,lenny-curry,republican,elections,an interview,0,1,2,2,0,2
5253.json,"Says the New York Giants train in New Jersey, they play in New Jersey and most of their players live in New Jersey.",true,chris-christie,republican,sports,an interview on “Meet the Press”,8,17,10,27,19,5
5997.json,"Access for 12,000 women to use Planned Parenthood -- not for the right to choose, but for basic health care -- was taken away by Wisconsin Gov. Scott Walker and Lt. Gov. Rebecca Kleefisch.",mostly-true,mahlon-mitchell,democrat,"abortion,health-care,public-health,women",an interview,0,0,0,0,1,4
6368.json,Its typical for a presidential candidate to release 10 or 11 years of tax returns.,half-true,bill-clinton,democrat,"candidates-biography,taxes",an interview on 'Today',3,2,4,12,11,3
521.json,"""Did Obama know that Tony Rezko was saving him $300,000 on the purchase of his home?""",false,republican-national-committee-republican,republican,ethics,a news release,2,6,6,11,5,1
8603.json,Says Gov. Scott Walker has dropped Wisconsin to 45th in the nation in job growth prospects while campaigning for president out of state.,barely-true,mike-tate,democrat,"economy,elections,job-accomplishments,jobs",a fund-raising email,0,2,1,2,1,2
3176.json,Says the foreman of the jury that convicted him was a Greenpeace activist.,mostly-true,tom-delay,republican,"bipartisanship,criminal-justice,environment",an interview.,1,0,1,1,1,4
8561.json,The (health care) law does not demand that all of these cancellations go out.,barely-true,nancy-pelosi,democrat,health-care,"an interview on NBC's ""Meet the Press""",3,7,3,11,2,2
8116.json,The federal deficit is growing.,half-true,eric-cantor,republican,"deficit,federal-budget","an interview on ""Fox News Sunday""",4,6,9,4,4,3
4143.json,On opposition to earmarks,true,bill-johnson,republican,"deficit,federal-budget,transportation",an online news story,0,1,2,0,0,5
2778.json,The debt is nearly $6 trillion more than when President Obama was sworn into office.,false,george-allen,republican,"deficit,federal-budget",a newspaper Op/Ed,1,8,2,3,4,1
4662.json,"During my tenure as governor, Wisconsins overall tax burden went DOWN.",mostly-true,tommy-thompson,republican,"state-budget,state-finances,taxes",a campaign fundraising email,3,8,6,2,5,4
4918.json,The Fed created $15 trillion in the bailout process and $5 trillion went overseas.,barely-true,ron-paul,republican,"economy,new-hampshire-2012",a house party in New Hampshire,3,8,5,8,8,2
6742.json,"The national debt of $16 trillion, is enough to buy both the Cleveland Indians and Cincinnati Reds 1,918 times.",mostly-true,rob-portman,republican,"debt,federal-budget,sports",a news release,1,5,3,11,11,4
2531.json,Says Lee Fisher wanted a $1.1 billion tax increase which could have driven countless jobs out of state.,half-true,american-crossroads,republican,"economy,message-machine,stimulus,taxes",an election ad,0,5,5,4,0,3
2008.json,"""You know, when this thing first hit, I signed a declaration of emergency for the six counties that were directly affected, impacted in the Panhandle, then I extended that not long thereafter down into Sarasota County.""",mostly-true,charlie-crist,democrat,oil-spill,a speech at the Florida Association of Counties conference,2,9,15,20,19,4
9015.json,When I talk about (raising the) minimum wage ... half of Republicansagree with it.,mostly-true,barack-obama,democrat,"economy,jobs,polls",a speech to the Democratic National Committee in Boston,9,71,70,160,163,4
9858.json,Says Dan Sullivan approved a light sentence for a sex offenderwho got out of prison andis now charged with a gruesome murder and sexual assault.,pants-fire,mark-begich,democrat,"crime,criminal-justice,message-machine-2014",a campaign ad,1,0,0,0,2,0
8378.json,Louie Gohmert of Texas compared the current general-in-charge in Egypt to George Washington.,mostly-true,gail-collins,journalist,"foreign-policy,history,pundits",her oped column,0,1,2,1,3,4
9964.json,Michelle Nunns own plan says she funded organizations linked to terrorists.,pants-fire,david-perdue,republican,"elections,job-accomplishments,terrorism",In a television ad,1,1,5,4,5,0
9934.json,The state budget has increased almost $800 million a year in each of the last two years.,true,jeff-amason,libertarian,state-budget,"interview on The Monica Perez Show, WSB",0,0,0,0,0,5
413.json,Barack Obama has written and co-sponsored more bills in three years than Hillary Clinton has in seven.,false,chain-email,none,job-accomplishments,a chain e-mail,105,43,11,8,5,1
3120.json,"While the government grew, we lost more than 2 million jobs.",half-true,michele-bachmann,republican,"economy,federal-budget,history",a rebuttal to the State of the Union address,16,22,8,6,4,3
13326.json,Because as a Senator Toomey stood up for Wall Street. He wanted to privatize Social Security and invest it in the stock market. Wall Street would make billions in fees even if the stock market crashed.,mostly-true,afscme,none,social-security,In a political ad,0,1,3,2,3,4
5266.json,Eric Holder is supportive of the NAACPs efforts to get the United Nations involved in our elections.,pants-fire,true-vote,none,"elections,foreign-policy",a Web post.,1,0,0,0,0,0
8163.json,Sen. Marco Rubio refuses to accept the basic science on climate change and is a climate change denier.,mostly-true,organizing-action,democrat,"climate-change,environment,science",an email to Obama supporters in Florida,0,0,0,1,1,4
10385.json,"If people work and make more money, they lose more in benefits than they would earn in salary.",barely-true,marco-rubio,republican,"poverty,welfare","his book, ""American Dreams""",5,24,33,32,35,2
2755.json,"(John) Kasich was the architect who balanced the budget, cut spending, created a surplus, igniting record job creation.",half-true,john-kasich,republican,"economy,federal-budget,job-accomplishments,message-machine",a campaign video,3,8,9,10,18,3
6781.json,"Deficit spending exploded during the Obama administration to $5.3 trillion over four years, compared to $2 trillion in eight years under President George W. Bush.",mostly-true,ron-johnson,republican,"debt,deficit,federal-budget,taxes",a campaign speech,1,6,14,10,10,4
8782.json,President Barack Obamas judicial appointments for Georgia and the region were drafted in secret and not vetted by legal groups among the presidents supporters.,mostly-true,david-scott,democrat,"congress,legal-issues",a letter,0,0,0,2,1,4
11750.json,We spend more on our military than the next eight nations combined.,mostly-true,barack-obama,democrat,"federal-budget,military",his 2016 State of the Union address,9,71,70,160,163,4
6643.json,"In the last 29 months, our economy has produced about 4.5 million private-sector jobs.",mostly-true,bill-clinton,democrat,"economy,jobs","a speech to the Democratic National Convention in Charlotte, N.C.",3,2,4,12,11,4
2669.json,"Says Leah Vukmir supports allowing people to carry concealed weapons into day care centers, churches, health care clinics and playgrounds.",half-true,jim-sullivan,democrat,"guns,message-machine",campaign literature distributed to district residents,0,2,1,2,0,3
3375.json,"Under the clear letter of the law, (Justice Clarence Thomas) must recuse himself from the case challenging the constitutionality of the health care law.",half-true,anthony-weiner,democrat,"ethics,health-care,supreme-court",an interview on Fox News,0,1,2,2,0,3
13048.json,"For immigrants with visa overstays, we make no effort to hold them accountable to that or uphold the law.",half-true,mike-pence,republican,immigration,an interview on Meet the Press,0,10,8,12,5,3
8191.json,"Says an illegal immigrant fraudulently claimed children who actually lived in Mexico on income tax forms to collect more than $29,000.",mostly-true,jack-kingston,republican,"immigration,taxes",an interview,0,1,3,4,3,4
12197.json,"Says Hillary Clinton has been saying lately that she thinks that I am, not qualifiedto be president.",barely-true,bernie-s,independent,"candidates-biography,elections,campaign-advertising",a speech at Temple University,0,12,18,22,41,2
13364.json,"The photonics bill that was sponsored in Congress and written, was written by Congressman Tom Reed, not Congresswoman Louise Slaughter.",false,mark-assini,republican,"economy,jobs",a debate on WROC,0,1,0,0,0,1
5507.json,A socially conservative group sponsored a prayer vigil to stop people from buying Girl Scout cookies because it thinks the Girl Scouts are affiliated with Planned Parenthood.,barely-true,hank-johnson,democrat,"abortion,families,religion,women",a Congressional hearing,0,0,3,4,3,2
10902.json,Most polls show foreign nations have lower regard for the U.S. now than they did before Obamas time.,false,gretchen-carlson,none,polls,"a ""Gretchen's Take"" on The Real Story",1,1,1,0,0,1
9890.json,A flight from Atlanta to Houston was canceled due to a terrorist dry run.,pants-fire,facebook-posts,none,"crime,terrorism",a post on Facebook,36,18,14,15,11,0
1215.json,"""For the first time in history, the Democratic Congress will not allow an increase in the social security COLA (cost of living adjustment).""",pants-fire,chain-email,none,social-security,a chain e-mail,105,43,11,8,5,0
7743.json,We have never gone a year in Virginia -- ever -- without passing a budget -- ever.,false,ken-cuccinelli,republican,state-budget,a speech.,1,10,1,3,2,1
580.json,"""Who can you thank for rising prices at the pump? O-ba-ma! O-ba-ma!""",false,john-mccain,republican,energy,a TV ad,8,39,31,31,37,1
9467.json,Barack Obama is the first president to file lawsuits against the states he swore an oath to protect.,pants-fire,chain-email,none,"legal-issues,states",,105,43,11,8,5,0
5942.json,Gov. Scott Walker is helping pay for the criminal defense of a man accused of boy rape.,pants-fire,graeme-zielinski,democrat,crime,Tweets,2,0,0,0,0,0
594.json,"""Obama will charge a 28 percent tax on all home sales.""",false,chain-email,none,taxes,a chain e-mail,105,43,11,8,5,1
7120.json,Says the tax code is effectively subsidizing the marketing efforts of fast food and junk food companies by as much as $19 billion over 10 years.,mostly-true,dennis-kucinich,democrat,"children,health-care,public-health,taxes",a news release,0,3,1,4,6,4
978.json,On the propriety of budget reconciliation.,half-true,judd-gregg,republican,"energy,federal-budget,health-care",a speech on the Senate Floor.,0,0,0,0,1,3
464.json,His true name is Barak Hussein Muhammed Obama.,pants-fire,chain-email,none,"candidates-biography,obama-birth-certificate",,105,43,11,8,5,0
8877.json,A friends sister died from Obamacare becauseBlue Shield completely just pulled out of California.,pants-fire,ann-coulter,republican,health-care,"an interview on ""Fox & Friends Weekend""",4,3,2,3,0,0
1701.json,"""I never had a filibuster-proof Senate.""",true,bill-clinton,democrat,"bipartisanship,health-care,supreme-court,abc-news-week",an interview on ABC's 'This Week',3,2,4,12,11,5
11908.json,"On the Iraq war, I said it loud and clear, Youll destabilize the Middle East.",false,donald-trump,republican,"candidates-biography,debates,iraq",a Republican presidential debate,61,114,63,51,37,1
517.json,"From Obama's book: ""I found a solace in nursing a pervasive sense of grievance and animosity against my mother's race.""",pants-fire,chain-email,none,candidates-biography,an e-mail message,105,43,11,8,5,0
1461.json,"The Senate-passed health care bill ""is identical to the Massachusetts health care plan -- the same thing.""",mostly-true,paul-krugman,none,"health-care,pundits",an interview on ABC's 'This Week',0,2,0,3,4,4
1055.json,"""A new poll shows 62 percent support the president's plan to reform health care. That means ... letting you choose between keeping the private insurance you have and a public health insurance plan.""",false,americans-united-change,none,health-care,an Internet ad.,0,4,1,4,1,1
6917.json,Signs letter saying Consumer Product Safety Commission is acting without consultation or input from the company to stop the sale of Buckyballs.,false,marsha-blackburn,republican,"consumer-safety,government-regulation,public-safety,market-regulation",in a letter co-signed with others in Congress.,0,2,2,1,0,1
11142.json,Says states not directly involved in the gay marriage lawsuits that reached the Supreme Court are not bound by the courts ruling.,barely-true,ted-cruz,republican,"gays-and-lesbians,legal-issues,marriage,supreme-court",an interview with NPR News,8,33,36,15,19,2
5029.json,Says Ron Paul doesnt believe in marriage licenses.,true,gail-collins,journalist,marriage,an oped column.,0,1,2,1,3,5
712.json,"Obama's one education accomplishment was ""legislation to teach 'comprehensive sex education' to kindergartners.""",pants-fire,john-mccain,republican,education,in a television ad,8,39,31,31,37,0
5135.json,"In Connecticut and New York, students at Achievement First schools consistently outperform city and statewide averages.",half-true,angel-taveras,democrat,"city-government,education",a newspaper commentary,0,1,2,2,2,3
2330.json,"When Peppers tax was finally voted down, Pepper laid off cops and closed jails and let criminals run free in the streets.",barely-true,dave-yost,republican,"government-efficiency,job-accomplishments,message-machine,taxes",a campaign video,0,0,1,0,1,2
11359.json,"When I left Washington, we had a $5 trillion surplus.",barely-true,john-kasich,republican,"deficit,federal-budget","an interview on CBS' ""Face the Nation""",3,8,9,10,18,2
971.json,"His proposed budget would ""cut our deficit in half by the end of my first term.""",mostly-true,barack-obama,democrat,federal-budget,in a news conference.,9,71,70,160,163,4
1897.json,"Since 2000, ""the Texas clean air program achieved a 22 percent reduction in ozone and a 46 percent decrease in NOx emissions.""",half-true,rick-perry,republican,environment,a press release,18,30,30,42,23,3
10376.json,"Administrative employees at colleges and universitieshave more than doubled over the last 25 years, outpacing the growth of students by more than 2 to 1.",mostly-true,marco-rubio,republican,education,a book,5,24,33,32,35,4
10228.json,4.7 million people have lost their insurance in 32 states due to Obamacare.,barely-true,dana-loesch,republican,health-care,"an interview on MSNBC's ""The Ed Show""",0,2,1,0,0,2
633.json,"Barack Obama has ""pledged to reduce the size of the military.""",false,jerome-corsi,constitution-party,military,his book <i>The Obama Nation</i>. ,1,2,0,0,0,1
11343.json,"Daraprim is still underpriced, relative to its peers.",false,martin-shkreli,none,"corrections-and-updates,health-care,public-health",comments on Bloomberg TV,0,1,0,0,0,1
9786.json,SaysDavid Perdue made tens of millions of dollars piling a firm with billions in debt.,barely-true,democratic-party-georgia-georgia,democrat,job-accomplishments,a press release,0,1,1,1,0,2
8437.json,Common Core is being used by the Obama Administration to turn the Department of Education into what is effectively a national school board.,false,marco-rubio,republican,education,a statement given to the Tampa Bay Times,5,24,33,32,35,1
4984.json,"Following the catastrophic, cascading collapse of major investment banks on Wall Street in 2007.....Nobody was prosecuted, no hearings were held and no reforms were implemented.",false,michael-doherty,republican,"economy,financial-regulation,occupy-wall-street",a news release,0,3,1,1,1,1
7840.json,The Obama administration has put out more of these major rules than the Clinton administration or the Bush administration during comparable times.,true,rob-portman,republican,market-regulation, Conference call with reporters,1,5,3,11,11,5
9156.json,Says he was the only statewide elected official to speak in favor of a federal guest worker plan at the 2012 Republican Party of Texas convention.,true,jerry-patterson,republican,"economy,immigration,workers",a news story,0,1,1,1,3,5
7361.json,Says Texas high school graduation rates are at an all-time highthe third-highest in the nationwhich represents a significant turnaround from just a few short years ago.,mostly-true,rick-perry,republican,education,his State of the State address.,18,30,30,42,23,4
8500.json,"The insurance companies are making that choice (to cancel or change policies), not the president.",barely-true,ezekiel-emanuel,democrat,"corrections-and-updates,health-care","a ""Fox News Sunday"" interview",0,0,1,2,0,2
105.json,"""The reality is, with a $2 trillion-a-year health care budget, we're spending more on health care, nearly 17 percent of our gross domestic product, versus 3.8 percent of GDP on the entire military budget.""",barely-true,mike-huckabee,republican,health-care,,4,5,12,9,3,2
7067.json,"Sheldon Whitehouse [got] a secret closed-door briefing, warning of the [2008 economic] crash.",pants-fire,peoples-majority,organization,"bankruptcy,bush-administration,candidates-biography,congress,congressional-rules,corporations,economy,ethics,financial-regulation,government-regulation,history,legal-issues,message-machine-2012,campaign-advertising",a TV commercial,1,0,0,0,0,0
7381.json,"Throughout, we have kept Congress fully informed of our efforts to create a legal framework on counterterrorism.",false,barack-obama,democrat,"legal-issues,terrorism",the State of the Union Address,9,71,70,160,163,1
7231.json,Says Texas is dead last in support for mental health.,mostly-true,wendy-davis,democrat,"health-care,public-health,state-budget,state-finances",a Twitter post.,1,1,5,8,12,4
8153.json,"I have the most Grammys of anyone my age, but I havent won one against a white person.",barely-true,kanye-west,none,pop-culture,a newspaper interview,0,0,1,0,0,2
9176.json,Says Bruce Braley took tens of thousands from his friends in the health insurance industry and gave them special favors by voting for Obamacare.,pants-fire,freedom-partners,none,"campaign-finance,health-care",a campaign ad,1,1,0,0,0,0
5795.json,"Bank of America could create 878,300 jobs with benefits if they spent their 2010 bonuses on job creation.",pants-fire,facebook-posts,none,"financial-regulation,jobs,occupy-wall-street",a Facebook post,36,18,14,15,11,0
2904.json,Says more than $3.5 billion in state revenue that is supposed to be dedicated to basic needs and functions is being diverted to make the books look balanced.,mostly-true,kirk-watson,democrat,state-budget,a speech.,0,0,0,0,2,4
1581.json,Bill White spent his city billions of dollars into debt (and) saw crime rates soar while he backed gun control.,barely-true,cathie-adams,republican,"bankruptcy,crime,guns",a fund-raising letter,1,1,1,1,0,2
8120.json,The Georgia Department of Education has implemented a new policy beginning in August that states that public schools will no longer accept credits from home school entities or non-traditional education centers.,half-true,nancy-gordeuk,none,education,an online posting,0,0,0,1,0,3
7510.json,Super Bowl L by everybodys estimation is a $500 million economic impact to the state of Florida.,false,ron-book,none,"economy,sports",a state legislative committee hearing,0,1,0,0,0,1
37.json,"""I'm the first person who really took up the issue of the war. Four years ago I said that there was no proof that Iraq had weapons of mass destruction, and, actually... did an analysis which disproved the cause for the war.""",mostly-true,dennis-kucinich,democrat,iraq,"Washington, DC",0,3,1,4,6,4
8814.json,"Recently, Florida has successfully reduced the environmental permitting time down to just two days.",false,rick-scott,republican,"environment,government-regulation,market-regulation",an event with employees from the Department of Environmental Protection,7,23,28,38,34,1
12877.json,"Says that under the Obama administration, the debt has nearly doubled.",mostly-true,mike-pence,republican,economy,a Phoenix town hall,0,10,8,12,5,4
3041.json,"Says the person who Florida U.S. Rep. Allen West first hired as chief of staff told people attending a Tea Party rally that, We will use bullets if ballots dont work.",true,debbie-wasserman-schultz,democrat,"bipartisanship,elections,guns,campaign-advertising",comments on NBC's 'Meet the Press',3,9,7,8,15,5
8585.json,The reason we have a national debt is not because of defense spending. What is driving our long-term debt are Medicare and Social Security programs.,mostly-true,marco-rubio,republican,"debt,medicare,military,social-security",a speech at American Enterprise Institute,5,24,33,32,35,4
3311.json,"The richest 400 taxpayers are taxed at a lower rate than a $29,000-a-year worker",mostly-true,sheldon-whitehouse,democrat,"income,taxes",a speech ,0,3,2,2,7,4
8541.json,"During my eight years as county executive, we cut the number of county workers by 20 percent.",true,scott-walker,republican,"county-budget,county-government,unions",a book,11,41,26,32,40,5
2002.json,"Im running against a groundhog. He saw his shadow on the primary day, and no one has seen him since.",barely-true,jeff-weems,democrat,"candidates-biography,energy",a speech,0,0,1,0,0,2
4787.json,Torture is illegal by our laws. Its illegal by international laws.,true,ron-paul,republican,"foreign-policy,human-rights,legal-issues","a Republican presidential debate in Spartanburg, S.C.",3,8,5,8,8,5
565.json,"The U.S. government spends less on energy innovation ""than the pet food industry invests in its own products.""",false,barack-obama,democrat,energy,the campaign's energy plan.,9,71,70,160,163,1
6876.json,"Since President Obama took office, there are over 450,000 more unemployed women.",half-true,mitt-romney,republican,"economy,jobs,message-machine-2012,women",a campaign ad,19,32,34,58,33,3
10538.json,Rhode Island is one of the worst states for income equality.,barely-true,george-nee,labor-leader,"economy,income,labor,poverty,unions",testimony before R.I. House Labor Committee,0,0,2,1,0,2
1516.json,"Bill McCollum voted four times to raise his own pay, by a total of $51,000, and earns a congressional pension worth more than $75,000 a year.",true,florida-democratic-party,democrat,candidates-biography,an advertisement by the Florida Democratic Party,3,4,5,4,5,5
6843.json,I never supported a state income tax for Texas.,pants-fire,paul-sadler,democrat,taxes,the U.S. Senate candidate debate at WFAA-TV in Dallas.,1,0,1,1,2,0
1771.json,"""In the last 50 years, (the federal government has) only balanced the budget five times.""",true,vern-buchanan,republican,"federal-budget,message-machine",in a web video.,0,1,1,1,0,5
8521.json,"When you add a dollar value to mandates, government took almost 50 percent of the American peoples money.",barely-true,larry-elder,talk-show-host,"federal-budget,market-regulation,taxes","CNN's ""Crossfire"" roundtable",0,3,1,0,0,2
4043.json,Says President Barack Obamas overturning of the Mexico City Policy means federal tax dollars can be used to fund abortion all over the world.,barely-true,rick-perry,republican,abortion,a speech in Los Angeles,18,30,30,42,23,2
552.json,"Obama says his bill ""reduced welfare rolls nearly 80 percent.""",half-true,barack-obama,democrat,poverty,a TV ad.,9,71,70,160,163,3
27.json,"Barack Obama supported keeping troops in Iraq, but now he wants a ""precipitous withdrawal"" regardless of ""conditions on the ground"" or ""consequences of a defeat for the United States,"" an RNC radio ad.",half-true,republican-national-committee-republican,republican,iraq,a radio ad.,2,6,6,11,5,3
5789.json,"One out of two Americans are living either in or near poverty. That means 150 million Americans, half of us.",half-true,tavis-smiley,none,"economy,poverty,welfare","an interview on CBS' ""Face the Nation""",0,0,1,1,0,3
10506.json,"On climate change, the temperature readings have been fabricated, and its all blowing up in their (scientists) faces.",pants-fire,dana-perino,republican,climate-change,"a broadcast of ""The Five"" on Fox News",1,1,1,0,0,0
94.json,"""If we manufactured 5-million of these 2.5-meg windmills across the country, we could electrify the entire nation the entire nation.""",barely-true,mike-gravel,libertarian,energy,"a debate in Hanover, N.H.",1,0,1,1,0,2
8966.json,On expanding Medicaid as part of the health care law,false,rick-scott,republican,"medicaid,poverty",public statements,7,23,28,38,34,1
12860.json,"Californias marijuana legalization initiative, Prop. 64 allows marijuana smoking ads in prime time, on programs with millions of children and teenage viewers.",barely-true,dianne-feinstein,democrat,marijuana,a No on Prop. 64 campaign press release. ,0,1,1,0,4,2
10481.json,The governors budget proposal reduces the state austerity cut to education to under $500 million for 2016.,true,alan-essig,none,education,blog post,0,0,0,0,0,5
1601.json,"""Kay Bailey Hutchison was elected state treasurer, succeeding Ann Richards. Democrats then abolished the position ... Hutchison later became a U.S. senator.""",false,karl-rove,republican,"elections,government-efficiency",his autobiography,0,5,2,2,8,1
5409.json,"Says 21,000 Wisconsin residents got jobs in 2011, but 18,000 of them were in other states.",false,kathleen-vinehout,democrat,"job-accomplishments,jobs,states",remarks,0,1,1,1,1,1
745.json,"House Republicans ""weren't part of the negotiations"" on the Wall Street bailout plan.",barely-true,john-mccain,republican,economy,"the first presidential debate in Oxford, Miss.",8,39,31,31,37,2
12205.json,Its clear thatHillary Clintonviolated national security laws.,false,Jack_Graham,republican,legal-issues,a debate,0,1,0,0,0,1
4261.json,High-speed rail would have cost Florida taxpayers $1 billion to build.,false,rick-scott,republican,transportation,TV interview,7,23,28,38,34,1
7713.json,"Despite having their budget increased by over 40 percent since 2009 pending claims for benefits with the (Department of Veterans Affairs) have increased from 391,000 to 890,000 under the Obama Administration.",true,tom-graves,republican,veterans,a ZPolitics op-ed,1,0,1,5,0,5
12975.json,Says there are concrete examples of University of Texas job applicants or prospective applicants and students as well as invited speakers changing their minds because of handguns being allowed in campus buildings and classrooms.,true,lisa-moore,none,"education,guns","an interview for NPR's ""All Things Considered""",0,0,0,0,0,5
3829.json,"Under Gov. Bob McDonnell, more jobs have been lost than created in Southside and Southwest Virginia.",false,ward-armstrong,democrat,"corrections-and-updates,economy,job-accomplishments,jobs",a news release.,1,3,0,0,0,1
3751.json,The Massachusetts health care plan is wildly unpopular among state residents.,false,laura-ingraham,none,"health-care,polls,pundits","an interview on Fox News' ""O'Reilly Factor""",1,5,2,1,0,1
7134.json,"Says he first unveiled his new legislative agenda in Wisconsin, not in California as critics complain",barely-true,scott-walker,republican,"education,government-regulation,state-budget,taxes",an interview,11,41,26,32,40,2
989.json,Some even advocate wiping out 401(k)s entirely and replacing them with government-run accounts.,barely-true,john-boehner,republican,retirement,a press release.,2,22,13,11,4,2
12157.json,"Despite the passage of HB2, towns, cities and counties in North Carolina are still allowed to set stricter non-discrimination policies for their own employees if they choose.",half-true,pat-mccrory,republican,"city-government,county-government,gays-and-lesbians,government-regulation,sexuality",a list of rebuttals to criticism over the law,1,2,5,3,0,3
3883.json,"Because Gov. Chris Christie vetoed a 30-bill job creation package, New Jersey ranks 50th in the nation in job creation.",pants-fire,lou-greenwald,democrat,jobs,a message on Facebook,2,1,0,1,2,0
4858.json,Says Mitt Romney flip-flopped on a taxpayer protection pledge.,true,democratic-national-committee,none,"message-machine-2012,taxes",a campaign advertisement,0,2,8,10,8,5
32.json,"""He's leading by example, refusing contributions from PACs and Washington lobbyists.""",half-true,barack-obama,democrat,ethics,a TV ad.,9,71,70,160,163,3
2606.json,Says gas pumps in different parts of Texas are missing state inspection stickers and/or their inspections are out of date--and thats cheating consumers.,half-true,hank-gilbert,democrat,"consumer-safety,crime,energy",a campaign video.,0,1,1,2,0,3
11447.json,We have the highest tax rate anywhere in the world.,false,donald-trump,republican,taxes,a speech.,61,114,63,51,37,1
9948.json,Georgia can substantially increase its funding for education by going after $2.5 billion in uncollected taxes.,half-true,jason-carter,democrat,education,press conference,0,0,1,2,1,3
137.json,"The signers of the Declaration of Independence were ""brave people, most of whom, by the way, were clergymen.""",pants-fire,mike-huckabee,republican,religion,Orlando,4,5,12,9,3,0
9208.json,David Dewhurst currently owes more than $1 million to vendors for services provided to his 2012 U.S. Senate campaign.,mostly-true,dan-patrick,republican,"campaign-finance,candidates-biography",a press release,4,4,4,3,4,4
5350.json,"Says Barack Obama endorsed a total ban on the manufacture, sale and possession of all handguns.",barely-true,wayne-lapierre,none,"candidates-biography,guns",a speech at the Conservative Political Action Conference,0,1,3,3,1,2
11857.json,Says a Sanders campaign ad never said ... a newspaper endorsed us that did not.,false,bernie-s,independent,elections,"a Democratic presidential debate in Durham, N.H.",0,12,18,22,41,1
10599.json,Black people are eight times more likely to be arrested than white people in Madison.,half-true,young-gifted-and-black-coalition,activist,"city-government,civil-rights,crime,criminal-justice,guns,public-safety",an open letter,0,0,0,1,0,3
1323.json,A cap-and-trade plan promoted by Barack Obama would hit hardest those already struggling to make ends meet.,half-true,sarah-palin,republican,"cap-and-trade,climate-change,energy","her book ""Going Rogue""",6,19,9,9,6,3
10290.json,More than 70 percent of American adults have committed a crime that could lead to imprisonment.,mostly-true,stephen-carter,democrat,criminal-justice,"an opinion piece in ""Bloomberg Views""",0,0,0,0,1,4
6448.json,I didnt try to push a bill to reduce lottery scholarship proceeds for students.,false,dolores-gresham,republican,"education,lottery",in an interview with The Commercial Appeal.,0,2,0,0,0,1
7520.json,"Taxes and fees amount to about 20 percent of a typical $300 round-trip domestic ticket. Thats higher than taxes on products like alcohol, tobacco and firearms.",mostly-true,gary-kelly,business-leader,"government-regulation,homeland-security,taxes,transportation",a column,0,0,0,0,1,4
10991.json,"Under the Affordable Care Act, anyone on Medicare who is admitted to a hospital for observation will be responsible for the bill. Medicare wont pay a cent.",pants-fire,chain-email,none,"health-care,medicare",a chain email,105,43,11,8,5,0
7588.json,College students who are NOT U.S. Citizens and who get the PELL Grant plan to return to their home countries after getting free gas cards and child care.,pants-fire,chain-email,none,"education,immigration,welfare",an email,105,43,11,8,5,0
6645.json,"Under President Barack Obamas leadership, since June 2009, (the auto) industry has added a quarter of a million jobs.",true,bob-king,none,jobs,"a speech to the Democratic National Convention in Charlotte, N.C.",0,0,0,0,0,5
3660.json,Says we have now more Border Patrol officers than weve had at any time in our history.,mostly-true,barack-obama,democrat,immigration,an interview,9,71,70,160,163,4
1741.json,"""Congress can tell [the Supreme Court] which cases they ought to hear. We have that authority.""",true,arlen-specter,democrat,supreme-court,an interview on MSNBC's Daily Rundown,0,0,0,0,1,5
7724.json,Science has not shown greenhouse gases to be a problem.,pants-fire,wayne-smith,republican,"climate-change,environment,science,weather",an interview.,1,0,0,0,0,0
11154.json,The stock market does better when you have a Democratic president in the White House.,mostly-true,hillary-clinton,democrat,"economy,financial-regulation,history","a town hall in Nashua, N.H.",7,29,40,69,76,4
6095.json,"When Mitt Romney was governor, Massachusetts lost 40,000 manufacturing jobs, a rate twice the national average, and fell to 47th in job creation, fourth from the bottom.",half-true,barack-obama,democrat,"economy,jobs","campaign ad “We’ve heard it all before,” airing in New Hampshire and around the U.S",9,71,70,160,163,3
6407.json,"When I left the Senate, we were on a trajectory towards a balanced budget.",half-true,george-allen,republican,"deficit,federal-budget,taxes",a debate.,1,8,2,3,4,3
2138.json,"Since the Democrats stimulus went into effect last year, Ohio has lost about 150,000 Jobs.",half-true,rob-portman,republican,"economy,jobs,stimulus",a news release,1,5,3,11,11,3
6625.json,"By the time(Mitt Romney)left office, Massachusetts was 47th in the nation in job creation.",half-true,deval-patrick,democrat,"economy,jobs,states","a speech at the Democratic National Convention in Charlotte, N.C.",0,0,0,1,1,3
10702.json,Wholly domestic communication between you and your wife can go to New York to London and back and get caught up in the (NSA) database.,mostly-true,edward-snowden,libertarian,"homeland-security,technology,terrorism","an interview on ""Last Week Tonight""",0,0,0,0,1,4
1309.json,Women pay 48 percent more for health insurance.,barely-true,louise-slaughter,democrat,health-care,a statement on the House floor,0,0,1,0,1,2
7313.json,State revenue projections have missed the mark month after month.,half-true,steve-henson,democrat,state-budget,a press release,0,0,0,1,0,3
8795.json,"Most of West Virginia is still owned, in excess of 90 percent, by out-of-state interests.",false,bob-kincaid,democrat,"environment,public-health,wealth","a broadcast of MSNBC's ""Melissa Harris-Perry""",0,1,0,0,0,1
749.json,"Henry Kissinger ""said that we should meet with Iran guess what without precondition.""",half-true,barack-obama,democrat,foreign-policy,"the first presidential debate in Oxford, Miss.",9,71,70,160,163,3
8846.json,"Every four minutes, another American home or business goes solar.",true,barack-obama,democrat,energy,State of the Union speech,9,71,70,160,163,5
13510.json,Says Donald Trump won more counties than any candidate on our side since Ronald Reagan.,mostly-true,mike-pence,republican,elections,"an interview on NBC's ""Meet the Press""",0,10,8,12,5,4
1472.json,Houston is the third-most toxic city in the United States of America.,true,farouk-shami,democrat,"economy,energy,environment",a debate.,1,2,1,2,0,5
8878.json,Pinellas County voters elected me as their chief financial officer (and) elected me as (their) governor four years ago.,true,alex-sink,democrat,elections,a debate,0,2,1,2,4,5
6891.json,Repealing and replacing Obamacare thats going to save $1 trillion over a 10-year period.,false,george-allen,republican,"debt,health-care",a debate.,1,8,2,3,4,1
969.json,Obama nominee Dawn Johnsen called motherhood 'involuntary servitude.',false,house-republicans,republican,abortion,a blog post.,1,3,0,4,0,1
11801.json,Almost all of the polls that have come out suggest that I am a much stronger candidate against the Republicans than is Hillary Clinton.,false,bernie-s,independent,polls,"a town hall meeting in Underwood, Iowa.",0,12,18,22,41,1
9898.json,Says Gina Raimondos venture capital firm secured a secret no-bid contract funded by taxpayers.,barely-true,angel-taveras,democrat,"candidates-biography,city-government,corporations,ethics,message-machine-2014,campaign-advertising,pensions,retirement",a commercial,0,1,2,2,2,2
10740.json,99 percent of all new income today (is) going to the top 1 percent.,mostly-true,bernie-s,independent,"income,wealth","comments on ""Fox News Sunday""",0,12,18,22,41,4
10556.json,The Clintons foundation took millions from foreign governments including United Arab Emirates and Saudi Arabia.,true,american-crossroads,republican,"campaign-finance,foreign-policy,campaign-advertising",a video,0,5,5,4,0,5
12273.json,"Andrew Jackson was the last president who actually balanced the federal budget, where we had no national debt.",mostly-true,ben-carson,republican,"debt,deficit,federal-budget,history",a Fox Business interview,4,12,7,3,2,4
10336.json,Only 20 colleges and universities have athletic departments with revenue exceeding expenses.,true,jim-moran,democrat,"education,sports,state-budget",a Facebook post,1,1,2,1,6,5
9624.json,"Jeff Mann has an ethics complaint against him alleging he used county workers for campaign work, which is an indictable offense.",half-true,vernon-jones,democrat,ethics,an Atlanta Press Club debate,1,0,0,1,1,3
7983.json,Says spending in the fiscal 2009 budget was lower than spending in the fiscal 2014 budget,true,barbara-buono,democrat,"state-budget,state-finances",a state Senate budget hearing,1,1,3,4,4,5
3222.json,Financed the largest parking expansion program without a rate increase.,barely-true,dick-greco,none,city-budget,city report reprinted as 2011 mayoral campaign material,0,0,1,1,0,2
5004.json,"A study says Massachusetts has lost 18,000 jobs because residents were required to obtain health insurance under an act signed into law by Mitt Romney.",barely-true,rick-perry,republican,health-care,a Republican presidential debate,18,30,30,42,23,2
4048.json,Says Gov. Scott Walkers budget includes tax breaks for corporations and the rich that will cost the state of Wisconsin taxpayers $2.3 billion over the next decade.,half-true,one-wisconsin-now,organization,"state-budget,taxes",a news release,1,2,0,2,1,3
3075.json,"Between the year 2000 and 2006, (insurance) premiums in this country doubled.",mostly-true,chris-van-hollen,democrat,health-care,comments on the House floor,0,0,0,0,4,4
7947.json,Says 92 percent of Texas counties had no abortion provider in 2008.,mostly-true,wendy-davis,democrat,abortion,a filibuster on the Senate floor,1,1,5,8,12,4
11146.json,"In 1960, we spent more than 3 percent of our GDP on infrastructure projects like the Interstate Highway. Today we spend less than 1 percent of our GDP on these vital investments.",half-true,gerry-connolly,democrat,"economy,infrastructure,transportation",a written statement.,0,0,1,4,1,3
6606.json,There is an increasing amount of evidence from public polling that the highest number of Americans ever identify themselves as pro-life.,mostly-true,marco-rubio,republican,abortion,an interview on 'Face the Nation',5,24,33,32,35,4
331.json,"Hillary Clinton ""agrees with (John McCain) in embracing the Bush-Cheney policy of not talking to leaders we don't like.""",barely-true,barack-obama,democrat,foreign-policy,Denver,9,71,70,160,163,2
12178.json,Recent reports state that the U.S. Customs and Border Protection has apprehended several members of known Islamist terrorist organizations crossing the southern border in recent years.,mostly-true,ron-desantis,republican,"homeland-security,immigration,terrorism",a House Oversight Committee National Security Subcommittee hearing,0,0,0,0,1,4
6655.json,"Jeb Bush recently noted, Reagan himself would have been too moderate, too reasonable for todays GOP.",half-true,charlie-crist,democrat,history,a Democratic National Convention speech,2,9,15,20,19,3
1814.json,"""Youve got almost twice as many cops in New York City as you do on our entire border. Thats nuts.""",half-true,david-dewhurst,republican,"crime,homeland-security,immigration",an interview,5,8,8,10,5,3
5874.json,Mitt Romney has proposed cutting his own taxes while raising them on 18 million working families.,mostly-true,barack-obama,democrat,taxes,a campaign speech in Ohio,9,71,70,160,163,4
790.json,"""(Bill) Ayers and Obama ran a radical education foundation together.""",pants-fire,john-mccain,republican,patriotism,a Web ad,8,39,31,31,37,0
6414.json,Ninety percent of the topsoil has inadequate moisture to grow crops.,true,john-kasich,republican,"agriculture,states,water,weather",an announcement at the Ohio State Fair,3,8,9,10,18,5
10268.json,The poorest counties in the U.S. are in Appalachia and happen to be more than 90 percent white.,half-true,jim-webb,democrat,poverty,an announcement.,0,0,1,1,5,3
8374.json,The health care marketplaces have no privacy protections.,false,tom-cotton,republican,"health-care,technology",an MSNBC interview,1,4,3,2,3,1
1825.json,"The Republican Party ""fought very hard in the '60s to get the civil rights bill passed, as well as the voting rights bill.""",true,michael-steele,republican,"civil-rights,elections,history,legal-issues,abc-news-week",an interview on ABC's This Week,2,1,0,1,0,5
3418.json,Says that President Obama said in 2008 that his proposed greenhouse gas regulations will bankrupt anyone who wants to build a new coal-fired power plant.,mostly-true,ohio-coal-association,none,"cap-and-trade,climate-change,environment",testimony to a House subcommittee,0,0,0,0,1,4
9429.json,Our trade with Mexico is $720 million a day; thats our No. 1 trading partner.,mostly-true,leticia-van-de-putte,democrat,"economy,foreign-policy,trade",an interview,1,2,2,4,1,4
4991.json,In this country we have more natural gas than Saudi Arabia has oil.,barely-true,jon-huntsman,republican,"energy,environment",a Republican presidential primary debate,1,1,5,5,4,2
10896.json,There is not a single documented case of abuse of the bulk metadata collectionprogram.,half-true,marco-rubio,republican,"homeland-security,terrorism",a USA Today op-ed,5,24,33,32,35,3
4795.json,The loan guarantee program that helped Solyndra was a program that was supported by President Bush.,mostly-true,david-plouffe,democrat,"energy,federal-budget","an interview on ""Meet the Press""",0,0,1,0,2,4
11967.json,There is not a single candidate in the Republican primary that thinks we should do anything about climate change.,mostly-true,barack-obama,democrat,climate-change,a press conference,9,71,70,160,163,4
12196.json,"There are no rules governing the 2016 Republican convention, the rules have not been set.",mostly-true,john-kasich,republican,"elections,legal-issues,states",an interview,3,8,9,10,18,4
9215.json,ObamaCare enrollment lie: Obama counts an enrollee as a web user putting a plan in their online shopping carts.,false,donald-trump,republican,health-care,a tweet,61,114,63,51,37,1
2773.json,About 1 in 10 public school teachers in Wisconsin would have been laid off without federal stimulus funds.,barely-true,jim-doyle,democrat,"education,stimulus",an interview with the BBC NewsHour,0,1,1,1,1,2
12283.json,She is the only candidate who has stood by our community and immigration reform from the beginning.,barely-true,hillary-clinton,democrat,immigration,a radio ad in spanish,7,29,40,69,76,2
4184.json,"The U.S. wont default, because default means that you dont pay your creditors. And it takes about 10 percent of the money thats coming in right now to pay interest to bondholders.",false,tom-price,republican,"deficit,economy","an interview on CNN's ""State of the Union with Candy Crowley""",0,2,1,5,3,1
7559.json,On support of Gov. John Kasichs drilling tax plan,false,bill-batchelder,republican,taxes,,3,1,0,1,1,1
4693.json,Barack Obama is the First President to terminate Americas ability to put a man in space.,pants-fire,chain-email,none,"history,space",a chain e-mail,105,43,11,8,5,0
6758.json,Barack Obama refuses to acknowledge Jerusalem as the capital of Israel.,mostly-true,republican-jewish-coalition,republican,"foreign-policy,israel",an election flier ,0,0,0,0,2,4
8096.json,A Republican housing finance reform bill would eliminate a persons ability to obtain 15- and 30-year mortgages.,half-true,gwen-moore,democrat,"federal-budget,financial-regulation,housing",a news release,1,4,3,4,3,3
717.json,"When George Bush said we shouldnt investigate why the governments response to Hurricane Katrina was so incompetent, John McCain stood with him.",half-true,joe-biden,democrat,"bush-administration,natural-disasters","St. Clair Shores, Mich.",4,10,11,21,16,3
8930.json,"The Republican leadership in the House has refused to address the issues that matter the most to Rhode Island, such as passing a jobs bill.",pants-fire,jonathan-boucher,democrat,"climate-change,congress,economy,energy,environment,jobs,workers",a Providence Journal commentary,1,0,0,0,0,0
8760.json,Buried in the Affordable Care Act is a huge government bailout.,half-true,charles-krauthammer,none,health-care,"a ""Washington Post"" op-ed",0,0,1,1,0,3
8375.json,Says Democratic gubernatorial candidate Mary Burke has proven on the Madison Board of Education that she supports raising taxes and spending.,half-true,republican-party-wisconsin,republican,"education,state-budget,taxes",a web post,0,3,4,2,3,3
7982.json,About 95 percent of (Ohios) electricity comes from burning coal.,half-true,john-boehner,republican,"energy,environment",a news conference,2,22,13,11,4,3
9635.json,"Literally, by the time a child is 18 years of age, theyve killed over 100,000 people in video games and other online things.",half-true,mark-omara,none,pop-culture,comments on CNN,0,0,0,1,0,3
1124.json,Page 992 of the health care bill will establish school-based 'health' clinics. Your children will be indoctrinated and your grandchildren may be aborted!,pants-fire,liberty-counsel,none,"abortion,health-care",a memo on the group's Web site.,1,0,0,0,0,0
7658.json,We Really Do Have the Highest Corporate Tax Rate in the World.,mostly-true,tax-foundation,none,taxes,a press release,0,0,0,2,1,4
9856.json,Says Sen. JeanneShaheens wealth has surged while in public office.,barely-true,ending-spending-action-fund,independent,"congress,income,message-machine-2014,campaign-advertising",a campaign ad,0,0,4,0,2,2
2613.json,Says hesso bipartisan that 12 of my bills were signed into law by Democratic President Bill Clinton.,mostly-true,rob-portman,republican,job-accomplishments,a debate,1,5,3,11,11,4
8993.json,Says Rick Scott oversaw the largest Medicare fraud in the nations history.,mostly-true,florida-democratic-party,democrat,"candidates-biography,medicaid,medicare",a press release,3,4,5,4,5,4
1335.json,The Senate health care bill is longer than Tolstoy's 'War and Peace.',barely-true,orrin-hatch,republican,health-care,a news release,0,0,2,1,0,2
6412.json,"Says Connie Mack IV has been a promoter for Hooters with a history of bar room brawling, altercations and road rage.",mostly-true,bill-nelson,democrat,"candidates-biography,10-news-tampa-bay",a TV ad,0,1,3,8,10,4
10473.json,The streetcar project proposed for downtown Milwaukee would actually take precious revenue away from the Milwaukee Public Schools.,barely-true,joe-davis-sr,none,transportation,a video,0,0,1,0,0,2
939.json,"""We are making the largest investment in education in our nations history.""",true,barack-obama,democrat,"education,stimulus",a bill signing ceremony in Denver.,9,71,70,160,163,5
8361.json,Violent crime is up since the last year of Sharpe James administration. This year its higher. The unemployment rate is almost 15 percent. The high school dropout rate is over 50 percent.,half-true,steve-lonegan,republican,"crime,education,jobs",an interview on the John Gambling radio show,0,2,1,2,0,3
5050.json,Says Rick Santorum voted for the Bridge to Nowhere.,mostly-true,rick-perry,republican,"federal-budget,message-machine-2012",an online video,18,30,30,42,23,4
5140.json,I also voted 98 percent of the time with Republicans in the Oregon Legislature.,false,suzanne-bonamici,democrat,"bipartisanship,message-machine-2012,voting-record",a debate,1,3,0,0,0,1
12450.json,Says the Human Rights Campaign is secretly funded,barely-true,pat-mccrory,republican,"campaign-finance,corrections-and-updates,gays-and-lesbians,sexuality,transparency",a radio interview on Charlotte's WBT,1,2,5,3,0,2
655.json,"McCain ""said he was 'stumped' when asked whether contraceptives help stop the spread of HIV.""",true,planned-parenthood,none,health-care,Denver,1,0,1,1,0,5
12254.json,"Says Jeb Bush and Marco Rubio had it set so that the winner takes everything, because they wanted to make sure that I didnt get anything in the Florida primary.",false,donald-trump,republican,elections,"a speech in Rome, N.Y.",61,114,63,51,37,1
5237.json,Says he eliminated an EPA rule that treated spilled milk like it was oil.,true,barack-obama,democrat,"agriculture,environment,government-regulation",the State of the Union address,9,71,70,160,163,5
9010.json,Marijuana contains 50 to 70 percent more carcinogenic hydrocarbons than tobacco.,barely-true,michael-cerullo,none,drugs,a newspaper commentary,0,0,1,0,0,2
5456.json,Says Ted Cruz slurred Republican senators including John Cornyn as graybeards and spineless jellyfish.,half-true,david-dewhurst,republican,"candidates-biography,congress",a press release.,5,8,8,10,5,3
2211.json,"Despite the U.S. spending $10 billion on Iraqs electrical system, Baghdad still only gets five hours of electricity a day.",barely-true,george-packer,none,"energy,infrastructure,iraq,abc-news-week","ABC's ""This Week""",0,0,1,0,0,2
10537.json,A bill to eliminate Delta Air Lines jet fuel tax breaks violates federal law and puts the state at risk of losing critical funding from the Federal Aviation Administration.,true,trebor-banstetter,none,"corporations,gas-prices,government-regulation,state-budget,taxes",in a statement,0,0,0,0,1,5
5883.json,Says Gov. Scott Walker approved a gutting of two tax credits that help the poor and elderly.,false,gwen-moore,democrat,"income,poverty,taxes",a song/speech,1,4,3,4,3,1
13138.json,Says Donald Trump started his career back in 1973 being sued by the Justice Department for racial discrimination because he would not rent apartments in one of his developments to African-Americans.,true,hillary-clinton,democrat,"candidates-biography,diversity,housing",the first presidential debate,7,29,40,69,76,5
10461.json,Al-Qaida has grown fourfold in five years.,half-true,jack-keane,none,"foreign-policy,terrorism","comments on ""Fox News Sunday""",0,0,0,1,0,3
6861.json,Says Tennessee is providing millions of dollars to virtual school company for results at the bottom of the bottom.,true,andy-berke,democrat,"education,state-budget",a letter to state Senate education committee chairwoman Dolores Gresham.,0,0,0,0,0,5
12287.json,"As a former federal prosecutor, I prosecuted over 4,000 cases.",true,catherine-hanaway,republican,"candidates-biography,criminal-justice,legal-issues",a debate,0,1,0,0,0,5
9137.json,Women in the U.S. get 23 percent less pay than men for the same exact work.,barely-true,jimmy-carter,democrat,women,Television interview ,0,0,3,2,2,2
8323.json,(Obamacare) is a bill which has never once had a majority of Americans favor it.,mostly-true,newt-gingrich,republican,"health-care,polls,pundits","on CNN's ""Crossfire""",11,15,16,20,10,4
10827.json,The state budget will include scholarship money for minority students as a concession to Senate Democrats for supporting the GOP-initiated transportation bill.,true,senate-democrats,none,"jobs,state-budget,transportation",interviews,0,0,0,0,0,5
1382.json,Says Bill White is for gay marriage.,false,republican-party-texas,republican,"gays-and-lesbians,marriage",in a Web ad,1,1,3,1,3,1
8913.json,"Over 3 million Americans are employed in the growing green-collar workforce, which is more than the number of people working in the fossil fuel industry.",true,tammy-baldwin,democrat,"economy,energy,environment,jobs,transportation",a news release,0,5,5,7,4,5
5287.json,Says Pennsylvania charges a top income tax rate of 3 percent and Delaware has no state income tax at all.,half-true,joe-pennacchio,republican,taxes,a news release,0,0,0,1,0,3
5041.json,New Jersey taxpayers will now face the highest tolls in the country.,false,steve-lonegan,republican,transportation,an email newsletter,0,2,1,2,0,1
8827.json,"U.S. Rep. John Barrow, D-Ga., does not want to audit the Federal Reserve.",false,rick-allen,republican,financial-regulation,a tweet,0,1,0,0,0,1
2644.json,"In Rhode Island, there were thousands of jobs that were created by the federal stimulus program",barely-true,james-langevin,democrat,"jobs,stimulus",campaign debates,0,1,1,2,1,2
7714.json,Says new Medicare billing guidelines have nine codes for (injuries by) turkeys.,true,ted-poe,republican,"animals,government-regulation,health-care,medicaid,medicare,market-regulation",an interview on Fox Business Network,0,1,1,1,0,5
7939.json,"Says a rape kit can be used to clean out women, basically like dilation and curettage.",pants-fire,jodie-laubenberg,republican,"abortion,health-care,public-health",Texas House debate on Senate Bill 5.,1,0,0,0,1,0
12366.json,"If you dont buy cigarettes at your local supermarket, your grocery bill wont go up a dime. The same is true of the sugary drink tax. If passed, you can avoid paying the tax by not buying sugary drinks.",half-true,philadelphia-daily-news,none,taxes,In an editorial,0,0,0,1,0,3
11799.json,"Says Cresent Hardy agreed with Mitt Romney about the 47 percent and said that people with disabilities are, and I quote him, a drain on society.",half-true,hillary-clinton,democrat,"candidates-biography,disability",comments during the Nevada Battleborn Battleground Dinner at the MGM Grand in Las Vegas,7,29,40,69,76,3
6091.json,"Rob Portman shares radical, ideological views toward women.",false,ohio-democratic-party,democrat,"abortion,health-care,voting-record,women",a news release,2,1,4,2,2,1
2326.json,"Says the federal agency in charge of Medicare and Medicaid will disburse $803 billion in benefits this year, making it larger than all but 15 of the worlds economies.",half-true,michael-mccaul,republican,"economy,health-care",an e-mail,0,0,1,1,4,3
8201.json,Congressman Patrick Murphy voted to keep the scandal-ridden IRS in charge of enforcing Obamacare.,barely-true,national-republican-congressional-committee,republican,health-care,a YouTube video,8,9,18,8,5,2
7772.json,Says he has sued the Obama administration 25 times.,true,greg-abbott,republican,"civil-rights,environment,legal-issues,redistricting",remarks at FreedomWorks Texas Summit in Austin,5,3,11,8,6,5
9791.json,"Says Rep. Tom Reed, R-N.Y., voted to raise the Social Security retirement age on us.",half-true,martha-robertson,democrat,social-security,a campaign ad,0,0,0,1,0,3
9878.json,Social Security has never contributed one cent to the deficit. Not one cent.,half-true,jeff-merkley,democrat,social-security,a roundtable discussion with senior citizens,0,1,0,3,6,3
1797.json,"Says state's expected ""increase in federal political clout is almost entirely due to the growth of the African American and Hispanic populations in Texas in virtually every region of the state.",mostly-true,lone-star-project,democrat,"census,elections",an e-mail blast.,0,1,0,2,1,4
800.json,"""If Barack Obama would apply for a job with the FBI or with the Secret Service, he would be disqualified because of his past associations with William Ayers.""",false,chain-email,none,candidates-biography,our inbox,105,43,11,8,5,1
6266.json,"When I was governor, not only did test scores improve we also narrowed the achievement gap.",half-true,mitt-romney,republican,education,a speech to the NAACP,19,32,34,58,33,3
4578.json,"Says that In 2009, I saved ratepayers around $500 million by persuading the Council to pursue a less expensive compliance mechanism if the City is required to treat Bull Run drinking water.",mostly-true,amanda-fritz,democrat,"city-budget,city-government,environment,public-health,water",in campaign literature,0,1,1,0,2,4
3125.json,Says he helped lead an outside audit thatll save (Milwaukee County) taxpayers over $200 million.,false,chris-abele,none,"candidates-biography,county-budget",a campaign TV ad,2,5,3,4,4,1
11669.json,"Up until recently, 75 percent of all the sorties that left the base came back without dropping their ordnances, because there was such a concern about making sure that there were no civilian casualties.",mostly-true,jeb-bush,republican,"foreign-policy,military,terrorism",an interview on 'This Week' ,2,5,17,17,24,4
4796.json,One-third of our college grads leave Ohio within three years.,mostly-true,john-kasich,republican,"economy,education,jobs",a speech,3,8,9,10,18,4
10685.json,You know how many children in the history of the United States have died in a fire (at school)? Zero.,false,greg-steube,republican,"education,guns,public-safety",a Florida House judiciary committee hearing,0,1,1,0,0,1
2783.json,"The average federal employee makes $120,000 a year. The average private employee makes $60,000 a year.",false,rand-paul,republican,"economy,federal-budget,abc-news-week,workers",an interview on ABC's This Week with Christiane Amanpour,3,8,7,10,12,1
7532.json,Nearly 25 percent of all automobile accidents are caused by texting while driving.,barely-true,doug-holder,republican,"public-safety,transportation",a committee hearing on HB 13,0,0,1,0,0,2
2288.json,Paul Broun Jr. sides with sexual deviants to support sale of crush videos.,false,russell-edwards,democrat,voting-record,his campaign Web site,0,1,0,0,0,1
10722.json,Says Rand Paul denied that he put forward a bill ... to zero out foreign aid and specifically spoke about Israel.,half-true,kirsten-powers,democrat,"federal-budget,foreign-policy,israel","a panel discussion on ""Fox News Sunday""",0,0,0,1,0,3
1338.json,"Senate health care legislation will ""levy a new 'abortion premium' fee on Americans in the government-run plan.""",false,john-boehner,republican,abortion,the House GOP Web site,2,22,13,11,4,1
6799.json,Says the public option considered in the health care law backed by U.S. Senate candidate Tammy Baldwin was wildly unpopular.,false,us-chamber-commerce,none,"health-care,medicare,message-machine-2012,polls",a TV ad,1,3,6,3,1,1
11017.json,"Only five states, including Georgia, do not have a hate crimes law.",true,various-media-reports,none,crime,church shooting aftermath,0,0,0,0,0,5
7594.json,"Says that under President Barack Obamas health care law, your insurance premiums could go up by 200 percent and cost as much as a new Explorer.",false,fred-thompson,republican,health-care,a tweet,0,4,1,3,3,1
6669.json,Says Charlie Bass forfeits right to equal cost for TV ads under FCC rules,false,ann-mclane-kuster,democrat,campaign-advertising,"a press release sent to The Telegraph on Aug. 31, 2012",0,1,2,3,0,1
1399.json,"We definitely lost way more jobs in Texas this year than we gained we lost 300,000 jobs in Texas alone this year.",true,kay-bailey-hutchison,republican,economy,a debate.,0,4,2,4,3,5
13153.json,"These people that we were going to deport for good reason ended up becoming citizens. Ended up becoming citizens. And it was 800. And now it turns out it might be 1,800, and they dont even know.",mostly-true,donald-trump,republican,immigration,a presidential debate at Hofstra University,61,114,63,51,37,4
8246.json,Chemical weapons have been used probably 20 times since the Persian Gulf War.,barely-true,ted-yoho,republican,"foreign-policy,military,terrorism",an interview on Fox Business Network,0,0,1,0,0,2
4511.json,The Atlanta Beltline paid nearly $3.5 million for less than a quarter-acre.,false,john-sherman,none,government-efficiency,a newsletter,0,1,0,0,0,1
6818.json,Says Ohios Issue 2 will create a redistricting commission that will have a blank check to spend our money.,false,ohio-republican-party,republican,"elections,government-efficiency,redistricting,state-budget",an election flier ,0,2,2,2,1,1
7733.json,"The U.S. Army had a training program that put evangelical Christians, Catholics and Mormons in the same category of religious extremism as we do al-Qaida.",barely-true,randy-forbes,republican,"military,religion",a congressional hearing.,0,0,1,4,3,2
46.json,"""I built that border fence in San Diego...and it reduced the smuggling of people and drugs...by 90 percent.""",mostly-true,duncan-hunter,republican,immigration,"a debate in Durham, N.H.",0,1,0,0,2,4
6759.json,Tim Kaine announced he wants to raise taxes on everyone.,false,george-allen,republican,taxes,a news release.,1,8,2,3,4,1
7969.json,Michelle Nunn has praised the Occupy movement.,barely-true,national-republican-senatorial-committee,republican,occupy-wall-street,a press release,5,5,11,7,2,2
9585.json,The U.S. Supreme Court is five guys who start determining what contraceptions are legal.,false,nancy-pelosi,democrat,"health-care,sexuality,women",a press conference,3,7,3,11,2,1
2286.json,The seed of Muslim is passed through the father.,barely-true,franklin-graham,none,religion,an interview on CNN,0,1,1,0,0,2
5547.json,(GM and Chrysler) repaid their loans.,half-true,barack-obama,democrat,"candidates-biography,corporations,economy,message-machine-2012,stimulus",in campaign video “The Road We’ve Traveled”,9,71,70,160,163,3
9519.json,U.S. Senate candidate David Perdues company took $3 million from the federal stimulus program that President Barack Obama created.,barely-true,jack-kingston,republican,stimulus,radio and television add,0,1,3,4,3,2
3984.json,The U.S. is spending one out of every six Defense Department dollars on Afghanistan.,true,jon-huntsman,republican,"afghanistan,federal-budget,military","an interview on ""Morning Joe.""",1,1,5,5,4,5
10950.json,"The last quarter, it was just announced, our gross domestic product was below zero. Who ever heard of this? Its never below zero.",pants-fire,donald-trump,republican,"economy,jobs",his presidential announcement speech,61,114,63,51,37,0
3147.json,Says there have been 50 million abortions since Roe v. Wade was decided.,true,rick-perry,republican,abortion,a speech,18,30,30,42,23,5
4550.json,"Says New Jerseys unemployment is significantly lower than it was when I got here. And weve created 50,000 new private sector jobs in the last 20 months after having lost 117,000 in the year before I got here.",half-true,chris-christie,republican,jobs,a press conference,8,17,10,27,19,3
3954.json,Obamacare takes $500 billion out of Medicare and funds Obamacare.,half-true,mitt-romney,republican,"health-care,medicare",a Republican presidential candidate debate in New Hampshire,19,32,34,58,33,3
2688.json,Unfortunately everyone needs to cut back in these tough economic times. Thats why I voted to cut my own pay along with the pay of our state employees.,false,matt-patten,democrat,"job-accomplishments,state-budget,voting-record",a campaign mailer,0,1,0,0,0,1
6405.json,Medicare insurance premiums will be rising to $120.20 per month in 2013 and $247.00 per month in 2014.,pants-fire,chain-email,none,"federal-budget,health-care,medicare,poverty,retirement",a message via the Internet,105,43,11,8,5,0
2348.json,"The presidents party always gets shellacked in midterms. Its only twice, 1934 and 2002, that the presidents party actually gained in both the House and the Senate.",mostly-true,mary-jordan,none,"elections,history,pundits,abc-news-week","a roundtable discussion on ABC's ""This Week with Christiane Amanpour""",0,0,0,0,2,4
9470.json,Thom Tillis cut almost $500 million from education.,half-true,emilys-list,organization,"children,congress,economy,education,jobs,state-budget,state-finances",a television ad,0,0,1,3,2,3
11167.json,Illegal immigration wasnt a subject that was on anybodys mind until I brought it up at my announcement.,false,donald-trump,republican,immigration,the first Republican debate,61,114,63,51,37,1
11913.json,"There comes a point in the last year of the president, especially in their second term, where you stop nominating both Supreme Court justices and Court of Appeals judges.",false,marco-rubio,republican,supreme-court,"comments on ""Meet the Press""",5,24,33,32,35,1
13258.json,"If you look worldwide, the number of terrorist incidents have not substantially increased.",barely-true,barack-obama,democrat,"homeland-security,terrorism",a CNN town hall,9,71,70,160,163,2
8420.json,"Says nearly 30,000 federal employees in Oregon were furloughed during the government shutdown.",false,suzanne-bonamici,democrat,"economy,federal-budget,jobs",an opinion piece. ,1,3,0,0,0,1
6049.json,"When Mitt Romney was governor, Massachusetts lost 40,000 manufacturing jobs, a rate twice the national average.",half-true,barack-obama,democrat,"economy,history,jobs,message-machine-2012,states",a television ad,9,71,70,160,163,3
12633.json,More people now die in Wisconsin from drug overdoses than car crashes.,true,brad-schimel,republican,drugs,an opinion piece,0,2,0,1,0,5
3413.json,"On the night of the Wisconsin state Senate vote on the budget package, a mob showed up and busted down the door and took over the Capitol.",half-true,scott-fitzgerald,republican,"labor,state-budget",a radio interview,0,2,1,1,0,3
10273.json,"794 law enforcement officers have fallen in the line of duty since B.H. Obama took office, with no special recognition from the White House.",pants-fire,facebook-posts,none,criminal-justice,a meme on social media,36,18,14,15,11,0
6225.json,Two thirds to three quarters of people without [health] insurance in Rhode Island work.,half-true,elizabeth-roberts,democrat,"health-care,poverty,public-health,welfare","a panel discussion on ""A Lively Experiment""",0,0,1,2,0,3
6731.json,"The president went on a stimulus-fueled spending binge that stuck every American man, woman and child with a $50,000 share of this $16 trillion debt.",false,john-boehner,republican,"debt,federal-budget,stimulus",a news release,2,22,13,11,4,1
6531.json,The Romney-Ryan plan for Medicare does not affect benefits for anyone 55 or older.,half-true,paul-ryan,republican,"health-care,medicare",a campaign stop at The Villages,2,6,19,16,14,3
7018.json,"Were talking right now about a $12 billion hole in our current, so-called balanced state budget.",half-true,donna-howard,democrat,"education,health-care,state-budget",East Austin meetup of Texans for Obama.,0,0,1,1,2,3
3320.json,"From 2003 to 2006, Sesame Street made more than $211 million from toy and consumer product sales.",true,jim-demint,republican,"children,federal-budget",a blog post,1,4,4,0,0,5
9985.json,Says personhood legislation she sponsored would not have restricted access to reproductive services and was simply a statement that I support life.,half-true,joni-ernst,republican,"abortion,women",a debate,0,1,2,1,1,3
8891.json,"The CBOs latest report confirms what Republicans have been saying for years now. Under Obamacare, millions of hardworking Americans will lose their jobs.",barely-true,eric-cantor,republican,"economy,health-care,jobs",a news release.,4,6,9,4,4,2
1336.json,"If you look at last year's presidential campaign, ""you can't find a mention of public option.""",mostly-true,joe-lieberman,independent,health-care,an interview with Politico,0,1,1,0,2,4
7405.json,"Every dollar we invested in high-quality, early education programs can save more than $7 later on by boosting graduation rates, reducing teen pregnancy, even reducing crime.",half-true,barack-obama,democrat,"children,education",a speech,9,71,70,160,163,3
4165.json,"Says the most dangerous time for children is from 3 to 6 p.m., during which time juvenile crime rates triple",half-true,raymond-lesniak,democrat,"children,crime,education",testimony during a Senate hearing,0,0,0,2,0,3
260.json,"""Bill Clinton cut the military drastically.""",half-true,rudy-giuliani,republican,military,"a debate in Manchester, N.H.",3,11,9,10,7,3
12565.json,"As a result of Roe vs. Wade, Americas maternal mortality rate dropped dramatically.",mostly-true,hillary-clinton,democrat,"abortion,public-health,supreme-court,women",remarks at a Planned Parenthood event,7,29,40,69,76,4
9954.json,Greg Abbott heads up a party whose platform calls for the repeal of the Voting Rights Act.,mostly-true,wendy-davis,democrat,"civil-rights,elections",a debate in the Rio Grande Valley.,1,1,5,8,12,4
11248.json,African Americans are twice as likely to be arrested and almost four times as likely to experience the use of force during encounters with the police.,mostly-true,bernie-s,independent,"crime,diversity,legal-issues",web site,0,12,18,22,41,4
9644.json,"Right now, one third of all illegal aliens are going to California.",half-true,pat-buchanan,republican,immigration,comments on Fox News,0,0,1,1,0,3
6117.json,Tim Kaine urged$500 billion in Medicare cuts.,false,american-crossroads,republican,"health-care,medicare,message-machine-2012",a TV ad. ,0,5,5,4,0,1
11773.json,Says Virginia Del. Mark Cole wants schools to check childrens genitals before using bathroom.,false,occupy-democrats,organization,"children,education,fake-news,sexuality",a blog post.,4,4,0,3,1,1
6802.json,"Brendan Doherty wants to repeal Obamacare, increasing drug prices for seniors.",barely-true,david-cicilline,democrat,"drugs,health-care,medicare,message-machine-2012,campaign-advertising,poverty,public-health",a campaign commercial,1,4,7,5,4,2
3746.json,Increasing the bottle deposit to 10 cents on a case of water bottles could literally double the price of that product in the store.,barely-true,matt-wingard,republican,"environment,water",a House floor session,0,0,1,1,0,2
3066.json,Says Ohio Attorney General Mike DeWine is hypocritical for challenging the constitutionality of the new health care law.,false,ohio-alliance-retired-americans,none,"health-care,voting-record",a news release,0,1,0,0,0,1
7928.json,The state GOP ticket says their top priority is a career-long mission to outlaw abortion in all cases and ban some common forms of birth control.,false,terry-mcauliffe,democrat,abortion,a speech.,3,6,12,2,2,1
2520.json,"The Chilean privatization scheme that Sharron Angle supports has resulted in hidden fees, fewer benefits, and millions of people with no coverage.",barely-true,patriot-majority-pac,none,"financial-regulation,foreign-policy,message-machine,social-security",a campaign commercial,0,0,1,0,0,2
7740.json,Says only about 250 Texans have been killed in action since 9/11.,false,leticia-van-de-putte,democrat,"afghanistan,iraq,military,terrorism",remarks on the floor of the Texas Senate.,1,2,2,4,1,1
3839.json,Says that PolitiFact Ohio confirms that Betty Sutton maxed out federal debt,pants-fire,national-republican-congressional-committee,republican,"deficit,federal-budget",an e-mail news release,8,9,18,8,5,0
2083.json,We have more kids take the SAT than any other state in the nation. I mean a high percentage of our kids take the SAT.,barely-true,rick-perry,republican,education,an interview with CNBC,18,30,30,42,23,2
12132.json,"During three and a half years of campaigning, Lamar Smith has never once appeared at a moderated debate to defend his positions on the issues.",true,matt-mccall,republican,elections,Press release,0,0,0,0,0,5
4573.json,Says Rick Perry supported a guest worker program to help people who would otherwise be illegal aliens.,mostly-true,libertarian-national-committee,libertarian,immigration,a video posted on its website,0,0,0,1,1,4
10700.json,"Says Ted Cruz said, There is no place for gays or atheists in my America. None. Our Constitution makes that clear.",pants-fire,facebook-posts,none,"candidates-biography,gays-and-lesbians,marriage,religion",an online meme,36,18,14,15,11,0
7792.json,Ken Lanci is a lifelong Clevelander,half-true,ken-lanci,independent,candidates-biography,"news release, website",0,0,0,1,0,3
3791.json,Unions dont have to comply with Obamacare.,pants-fire,crossroads-gps,republican,"health-care,unions",a Web ad,2,1,9,4,1,0
7343.json,"Says in Katrina, they approved $60 billion within 10 days of the storm on a voice vote.",half-true,chris-christie,republican,"natural-disasters,weather",an interview on the “Late Show with David Letterman”,8,17,10,27,19,3
9682.json,97 percent of the 100 poorest counties in America are in red states.,mostly-true,facebook-posts,none,"county-government,poverty",a meme on social media,36,18,14,15,11,4
7234.json,Obamacare includes a $63 charge every American will begin paying (in 2013) as a way to cover some of the increased costs associated with providing health insurance to those with pre-existing conditions.,barely-true,jim-renacci,republican,"health-care,market-regulation",a newspaper column,1,3,5,4,1,2
7874.json,New Jerseys once-broken pension system is now solvent.,half-true,13th-district-gop-slate,republican,"pensions,state-finances",A primary election campaign mailer,0,0,0,1,0,3
10114.json,"The Affordable Care Act says that at age 76 when you most need it most, you are not eligible for cancer treatment. Cancer hospital will ration care according to the patients age.",pants-fire,chain-email,none,health-care,a chain email,105,43,11,8,5,0
5275.json,"Sheldon Whitehouses failure of leadership, the adding of almost $8 trillion in debt in his first full term, is shameful...",half-true,barry-hinckley,republican,"deficit,federal-budget,voting-record",a YouTube video,2,4,0,1,2,3
3613.json,[Appalachian Power] wants another 10 percent rate increase. The compensation package for CEO Mike Morris rose 22 percent to $8.7 million in 2010.,true,ward-armstrong,democrat,market-regulation,a Twitter post.,1,3,0,0,0,5
11574.json,"500,000 U.S. troops came home from Iraq and Afghanistan with PTSD and traumatic brain injury.",mostly-true,bernie-s,independent,"foreign-policy,veterans",comments at the Iowa Democratic debate,0,12,18,22,41,4
8291.json,"Since sequester began federal employment has been subtracting 6,000-7,000 jobs per month",barely-true,political-line,none,"federal-budget,jobs",a Twitter post,0,0,1,0,0,2
3379.json,Damage by protesters to the Wisconsin state Capitol will cost $7.5 million to repair.,pants-fire,mike-huebsch,republican,"labor,state-budget",a statement made by a staffer during a court hearing.,1,1,0,0,0,0
11658.json,"A Muslim immigrant in Michigan can list his second, third or fourth wives as extended family and qualify for welfare.",barely-true,chain-email,none,"immigration,income,islam,welfare",In a viral YouTube video,105,43,11,8,5,2
3656.json,Says the hospital listed on Barack Obamas just-publicized long-form birth certificate denies the president was born there.,pants-fire,leo-berman,republican,obama-birth-certificate,a Texas Tribune article,1,2,0,0,0,0
11459.json,CNNs Crap Polling is so bad that it shows that no one under the age of 50 has an opinion of Hillary Clinton.,pants-fire,viral-image,none,polls,an image on the Internet,15,5,5,0,3,0
